tickIdx,liquidityNet,cumulative_liquidity,timestamp,current_tick,pool_id
-887220,450633368985561.0,450633368985561.0,1733511601,262425,0xcbcdf9626bc03e24f779434178a73a0b4bad62ed
-887160,0.0,450633368985561.0,1733511601,262425,0xcbcdf9626bc03e24f779434178a73a0b4bad62ed
-92100,456406095307.0,451089775080868.0,1733511601,262425,0xcbcdf9626bc03e24f779434178a73a0b4bad62ed
0,10943161472679.0,462032936553547.0,1733511601,262425,0xcbcdf9626bc03e24f779434178a73a0b4bad62ed
92040,1620915153.0,462034557468700.0,1733511601,262425,0xcbcdf9626bc03e24f779434178a73a0b4bad62ed
92100,3355682144151.0,465390239612851.0,1733511601,262425,0xcbcdf9626bc03e24f779434178a73a0b4bad62ed
114060,0.0,465390239612851.0,1733511601,262425,0xcbcdf9626bc03e24f779434178a73a0b4bad62ed
115860,556573869747.0,465946813482598.0,1733511601,262425,0xcbcdf9626bc03e24f779434178a73a0b4bad62ed
130260,17251205334.0,465964064687932.0,1733511601,262425,0xcbcdf9626bc03e24f779434178a73a0b4bad62ed
139200,-556573869747.0,465407490818185.0,1733511601,262425,0xcbcdf9626bc03e24f779434178a73a0b4bad62ed
145080,0.0,465407490818185.0,1733511601,262425,0xcbcdf9626bc03e24f779434178a73a0b4bad62ed
145140,0.0,465407490818185.0,1733511601,262425,0xcbcdf9626bc03e24f779434178a73a0b4bad62ed
151800,0.0,465407490818185.0,1733511601,262425,0xcbcdf9626bc03e24f779434178a73a0b4bad62ed
152640,40166358066529.0,505573848884714.0,1733511601,262425,0xcbcdf9626bc03e24f779434178a73a0b4bad62ed
152880,-40166358066529.0,465407490818185.0,1733511601,262425,0xcbcdf9626bc03e24f779434178a73a0b4bad62ed
153360,155684471699734.0,621091962517919.0,1733511601,262425,0xcbcdf9626bc03e24f779434178a73a0b4bad62ed
153420,-155684471699734.0,465407490818185.0,1733511601,262425,0xcbcdf9626bc03e24f779434178a73a0b4bad62ed
153780,0.0,465407490818185.0,1733511601,262425,0xcbcdf9626bc03e24f779434178a73a0b4bad62ed
154020,0.0,465407490818185.0,1733511601,262425,0xcbcdf9626bc03e24f779434178a73a0b4bad62ed
154260,0.0,465407490818185.0,1733511601,262425,0xcbcdf9626bc03e24f779434178a73a0b4bad62ed
159000,0.0,465407490818185.0,1733511601,262425,0xcbcdf9626bc03e24f779434178a73a0b4bad62ed
161160,0.0,465407490818185.0,1733511601,262425,0xcbcdf9626bc03e24f779434178a73a0b4bad62ed
161220,0.0,465407490818185.0,1733511601,262425,0xcbcdf9626bc03e24f779434178a73a0b4bad62ed
168600,0.0,465407490818185.0,1733511601,262425,0xcbcdf9626bc03e24f779434178a73a0b4bad62ed
176220,358354299830.0,465765845118015.0,1733511601,262425,0xcbcdf9626bc03e24f779434178a73a0b4bad62ed
180900,0.0,465765845118015.0,1733511601,262425,0xcbcdf9626bc03e24f779434178a73a0b4bad62ed
183180,-358354299830.0,465407490818185.0,1733511601,262425,0xcbcdf9626bc03e24f779434178a73a0b4bad62ed
184200,20645495131032.0,486052985949217.0,1733511601,262425,0xcbcdf9626bc03e24f779434178a73a0b4bad62ed
191160,0.0,486052985949217.0,1733511601,262425,0xcbcdf9626bc03e24f779434178a73a0b4bad62ed
192900,0.0,486052985949217.0,1733511601,262425,0xcbcdf9626bc03e24f779434178a73a0b4bad62ed
195180,0.0,486052985949217.0,1733511601,262425,0xcbcdf9626bc03e24f779434178a73a0b4bad62ed
195300,0.0,486052985949217.0,1733511601,262425,0xcbcdf9626bc03e24f779434178a73a0b4bad62ed
195660,0.0,486052985949217.0,1733511601,262425,0xcbcdf9626bc03e24f779434178a73a0b4bad62ed
196080,0.0,486052985949217.0,1733511601,262425,0xcbcdf9626bc03e24f779434178a73a0b4bad62ed
196800,0.0,486052985949217.0,1733511601,262425,0xcbcdf9626bc03e24f779434178a73a0b4bad62ed
197220,0.0,486052985949217.0,1733511601,262425,0xcbcdf9626bc03e24f779434178a73a0b4bad62ed
197640,0.0,486052985949217.0,1733511601,262425,0xcbcdf9626bc03e24f779434178a73a0b4bad62ed
197820,0.0,486052985949217.0,1733511601,262425,0xcbcdf9626bc03e24f779434178a73a0b4bad62ed
198900,0.0,486052985949217.0,1733511601,262425,0xcbcdf9626bc03e24f779434178a73a0b4bad62ed
199020,0.0,486052985949217.0,1733511601,262425,0xcbcdf9626bc03e24f779434178a73a0b4bad62ed
199260,0.0,486052985949217.0,1733511601,262425,0xcbcdf9626bc03e24f779434178a73a0b4bad62ed
199860,0.0,486052985949217.0,1733511601,262425,0xcbcdf9626bc03e24f779434178a73a0b4bad62ed
200280,0.0,486052985949217.0,1733511601,262425,0xcbcdf9626bc03e24f779434178a73a0b4bad62ed
200340,0.0,486052985949217.0,1733511601,262425,0xcbcdf9626bc03e24f779434178a73a0b4bad62ed
200700,0.0,486052985949217.0,1733511601,262425,0xcbcdf9626bc03e24f779434178a73a0b4bad62ed
201300,0.0,486052985949217.0,1733511601,262425,0xcbcdf9626bc03e24f779434178a73a0b4bad62ed
202140,0.0,486052985949217.0,1733511601,262425,0xcbcdf9626bc03e24f779434178a73a0b4bad62ed
203040,0.0,486052985949217.0,1733511601,262425,0xcbcdf9626bc03e24f779434178a73a0b4bad62ed
203280,0.0,486052985949217.0,1733511601,262425,0xcbcdf9626bc03e24f779434178a73a0b4bad62ed
203700,0.0,486052985949217.0,1733511601,262425,0xcbcdf9626bc03e24f779434178a73a0b4bad62ed
203820,0.0,486052985949217.0,1733511601,262425,0xcbcdf9626bc03e24f779434178a73a0b4bad62ed
204000,0.0,486052985949217.0,1733511601,262425,0xcbcdf9626bc03e24f779434178a73a0b4bad62ed
204780,0.0,486052985949217.0,1733511601,262425,0xcbcdf9626bc03e24f779434178a73a0b4bad62ed
205260,0.0,486052985949217.0,1733511601,262425,0xcbcdf9626bc03e24f779434178a73a0b4bad62ed
206580,54402074932.0,486107388024149.0,1733511601,262425,0xcbcdf9626bc03e24f779434178a73a0b4bad62ed
206640,-54402074932.0,486052985949217.0,1733511601,262425,0xcbcdf9626bc03e24f779434178a73a0b4bad62ed
207240,0.0,486052985949217.0,1733511601,262425,0xcbcdf9626bc03e24f779434178a73a0b4bad62ed
207720,0.0,486052985949217.0,1733511601,262425,0xcbcdf9626bc03e24f779434178a73a0b4bad62ed
209160,0.0,486052985949217.0,1733511601,262425,0xcbcdf9626bc03e24f779434178a73a0b4bad62ed
210600,0.0,486052985949217.0,1733511601,262425,0xcbcdf9626bc03e24f779434178a73a0b4bad62ed
211080,0.0,486052985949217.0,1733511601,262425,0xcbcdf9626bc03e24f779434178a73a0b4bad62ed
211320,0.0,486052985949217.0,1733511601,262425,0xcbcdf9626bc03e24f779434178a73a0b4bad62ed
211980,0.0,486052985949217.0,1733511601,262425,0xcbcdf9626bc03e24f779434178a73a0b4bad62ed
214200,0.0,486052985949217.0,1733511601,262425,0xcbcdf9626bc03e24f779434178a73a0b4bad62ed
214920,31454785349939.0,517507771299156.0,1733511601,262425,0xcbcdf9626bc03e24f779434178a73a0b4bad62ed
216420,3151604679224.0,520659375978380.0,1733511601,262425,0xcbcdf9626bc03e24f779434178a73a0b4bad62ed
217260,0.0,520659375978380.0,1733511601,262425,0xcbcdf9626bc03e24f779434178a73a0b4bad62ed
217740,-31454785349939.0,489204590628441.0,1733511601,262425,0xcbcdf9626bc03e24f779434178a73a0b4bad62ed
221040,0.0,489204590628441.0,1733511601,262425,0xcbcdf9626bc03e24f779434178a73a0b4bad62ed
221100,0.0,489204590628441.0,1733511601,262425,0xcbcdf9626bc03e24f779434178a73a0b4bad62ed
223320,340095002.0,489204930723443.0,1733511601,262425,0xcbcdf9626bc03e24f779434178a73a0b4bad62ed
223680,0.0,489204930723443.0,1733511601,262425,0xcbcdf9626bc03e24f779434178a73a0b4bad62ed
225180,0.0,489204930723443.0,1733511601,262425,0xcbcdf9626bc03e24f779434178a73a0b4bad62ed
225540,0.0,489204930723443.0,1733511601,262425,0xcbcdf9626bc03e24f779434178a73a0b4bad62ed
225780,0.0,489204930723443.0,1733511601,262425,0xcbcdf9626bc03e24f779434178a73a0b4bad62ed
226200,0.0,489204930723443.0,1733511601,262425,0xcbcdf9626bc03e24f779434178a73a0b4bad62ed
226680,0.0,489204930723443.0,1733511601,262425,0xcbcdf9626bc03e24f779434178a73a0b4bad62ed
227640,0.0,489204930723443.0,1733511601,262425,0xcbcdf9626bc03e24f779434178a73a0b4bad62ed
228540,0.0,489204930723443.0,1733511601,262425,0xcbcdf9626bc03e24f779434178a73a0b4bad62ed
229260,0.0,489204930723443.0,1733511601,262425,0xcbcdf9626bc03e24f779434178a73a0b4bad62ed
230100,0.0,489204930723443.0,1733511601,262425,0xcbcdf9626bc03e24f779434178a73a0b4bad62ed
230160,1670921212240.0,490875851935683.0,1733511601,262425,0xcbcdf9626bc03e24f779434178a73a0b4bad62ed
230220,0.0,490875851935683.0,1733511601,262425,0xcbcdf9626bc03e24f779434178a73a0b4bad62ed
230280,3133366157796.0,494009218093479.0,1733511601,262425,0xcbcdf9626bc03e24f779434178a73a0b4bad62ed
230340,0.0,494009218093479.0,1733511601,262425,0xcbcdf9626bc03e24f779434178a73a0b4bad62ed
230400,0.0,494009218093479.0,1733511601,262425,0xcbcdf9626bc03e24f779434178a73a0b4bad62ed
230580,0.0,494009218093479.0,1733511601,262425,0xcbcdf9626bc03e24f779434178a73a0b4bad62ed
231060,0.0,494009218093479.0,1733511601,262425,0xcbcdf9626bc03e24f779434178a73a0b4bad62ed
231180,10325006026.0,494019543099505.0,1733511601,262425,0xcbcdf9626bc03e24f779434178a73a0b4bad62ed
231240,9636087679.0,494029179187184.0,1733511601,262425,0xcbcdf9626bc03e24f779434178a73a0b4bad62ed
231300,4067292562252.0,498096471749436.0,1733511601,262425,0xcbcdf9626bc03e24f779434178a73a0b4bad62ed
231360,10098305733.0,498106570055169.0,1733511601,262425,0xcbcdf9626bc03e24f779434178a73a0b4bad62ed
231420,105440390087.0,498212010445256.0,1733511601,262425,0xcbcdf9626bc03e24f779434178a73a0b4bad62ed
231480,389377464792.0,498601387910048.0,1733511601,262425,0xcbcdf9626bc03e24f779434178a73a0b4bad62ed
231540,62725860270.0,498664113770318.0,1733511601,262425,0xcbcdf9626bc03e24f779434178a73a0b4bad62ed
231660,0.0,498664113770318.0,1733511601,262425,0xcbcdf9626bc03e24f779434178a73a0b4bad62ed
231780,0.0,498664113770318.0,1733511601,262425,0xcbcdf9626bc03e24f779434178a73a0b4bad62ed
231900,0.0,498664113770318.0,1733511601,262425,0xcbcdf9626bc03e24f779434178a73a0b4bad62ed
231960,0.0,498664113770318.0,1733511601,262425,0xcbcdf9626bc03e24f779434178a73a0b4bad62ed
232080,0.0,498664113770318.0,1733511601,262425,0xcbcdf9626bc03e24f779434178a73a0b4bad62ed
232320,0.0,498664113770318.0,1733511601,262425,0xcbcdf9626bc03e24f779434178a73a0b4bad62ed
232380,0.0,498664113770318.0,1733511601,262425,0xcbcdf9626bc03e24f779434178a73a0b4bad62ed
232440,0.0,498664113770318.0,1733511601,262425,0xcbcdf9626bc03e24f779434178a73a0b4bad62ed
232500,0.0,498664113770318.0,1733511601,262425,0xcbcdf9626bc03e24f779434178a73a0b4bad62ed
232560,0.0,498664113770318.0,1733511601,262425,0xcbcdf9626bc03e24f779434178a73a0b4bad62ed
232920,0.0,498664113770318.0,1733511601,262425,0xcbcdf9626bc03e24f779434178a73a0b4bad62ed
232980,0.0,498664113770318.0,1733511601,262425,0xcbcdf9626bc03e24f779434178a73a0b4bad62ed
233040,0.0,498664113770318.0,1733511601,262425,0xcbcdf9626bc03e24f779434178a73a0b4bad62ed
233100,0.0,498664113770318.0,1733511601,262425,0xcbcdf9626bc03e24f779434178a73a0b4bad62ed
233160,0.0,498664113770318.0,1733511601,262425,0xcbcdf9626bc03e24f779434178a73a0b4bad62ed
233220,0.0,498664113770318.0,1733511601,262425,0xcbcdf9626bc03e24f779434178a73a0b4bad62ed
233280,0.0,498664113770318.0,1733511601,262425,0xcbcdf9626bc03e24f779434178a73a0b4bad62ed
233340,0.0,498664113770318.0,1733511601,262425,0xcbcdf9626bc03e24f779434178a73a0b4bad62ed
233400,0.0,498664113770318.0,1733511601,262425,0xcbcdf9626bc03e24f779434178a73a0b4bad62ed
233640,0.0,498664113770318.0,1733511601,262425,0xcbcdf9626bc03e24f779434178a73a0b4bad62ed
233820,0.0,498664113770318.0,1733511601,262425,0xcbcdf9626bc03e24f779434178a73a0b4bad62ed
234000,0.0,498664113770318.0,1733511601,262425,0xcbcdf9626bc03e24f779434178a73a0b4bad62ed
234060,0.0,498664113770318.0,1733511601,262425,0xcbcdf9626bc03e24f779434178a73a0b4bad62ed
234120,0.0,498664113770318.0,1733511601,262425,0xcbcdf9626bc03e24f779434178a73a0b4bad62ed
234240,0.0,498664113770318.0,1733511601,262425,0xcbcdf9626bc03e24f779434178a73a0b4bad62ed
234300,-379213263309.0,498284900507009.0,1733511601,262425,0xcbcdf9626bc03e24f779434178a73a0b4bad62ed
234660,0.0,498284900507009.0,1733511601,262425,0xcbcdf9626bc03e24f779434178a73a0b4bad62ed
235080,0.0,498284900507009.0,1733511601,262425,0xcbcdf9626bc03e24f779434178a73a0b4bad62ed
235380,0.0,498284900507009.0,1733511601,262425,0xcbcdf9626bc03e24f779434178a73a0b4bad62ed
235440,0.0,498284900507009.0,1733511601,262425,0xcbcdf9626bc03e24f779434178a73a0b4bad62ed
235620,0.0,498284900507009.0,1733511601,262425,0xcbcdf9626bc03e24f779434178a73a0b4bad62ed
235680,0.0,498284900507009.0,1733511601,262425,0xcbcdf9626bc03e24f779434178a73a0b4bad62ed
235740,0.0,498284900507009.0,1733511601,262425,0xcbcdf9626bc03e24f779434178a73a0b4bad62ed
235980,0.0,498284900507009.0,1733511601,262425,0xcbcdf9626bc03e24f779434178a73a0b4bad62ed
236460,0.0,498284900507009.0,1733511601,262425,0xcbcdf9626bc03e24f779434178a73a0b4bad62ed
236820,0.0,498284900507009.0,1733511601,262425,0xcbcdf9626bc03e24f779434178a73a0b4bad62ed
237120,0.0,498284900507009.0,1733511601,262425,0xcbcdf9626bc03e24f779434178a73a0b4bad62ed
237180,469677301440.0,498754577808449.0,1733511601,262425,0xcbcdf9626bc03e24f779434178a73a0b4bad62ed
237300,0.0,498754577808449.0,1733511601,262425,0xcbcdf9626bc03e24f779434178a73a0b4bad62ed
237420,0.0,498754577808449.0,1733511601,262425,0xcbcdf9626bc03e24f779434178a73a0b4bad62ed
237600,0.0,498754577808449.0,1733511601,262425,0xcbcdf9626bc03e24f779434178a73a0b4bad62ed
237720,0.0,498754577808449.0,1733511601,262425,0xcbcdf9626bc03e24f779434178a73a0b4bad62ed
237840,0.0,498754577808449.0,1733511601,262425,0xcbcdf9626bc03e24f779434178a73a0b4bad62ed
238560,0.0,498754577808449.0,1733511601,262425,0xcbcdf9626bc03e24f779434178a73a0b4bad62ed
238740,0.0,498754577808449.0,1733511601,262425,0xcbcdf9626bc03e24f779434178a73a0b4bad62ed
239220,0.0,498754577808449.0,1733511601,262425,0xcbcdf9626bc03e24f779434178a73a0b4bad62ed
239340,0.0,498754577808449.0,1733511601,262425,0xcbcdf9626bc03e24f779434178a73a0b4bad62ed
239400,0.0,498754577808449.0,1733511601,262425,0xcbcdf9626bc03e24f779434178a73a0b4bad62ed
239460,8584538262056.0,507339116070505.0,1733511601,262425,0xcbcdf9626bc03e24f779434178a73a0b4bad62ed
239580,0.0,507339116070505.0,1733511601,262425,0xcbcdf9626bc03e24f779434178a73a0b4bad62ed
239700,0.0,507339116070505.0,1733511601,262425,0xcbcdf9626bc03e24f779434178a73a0b4bad62ed
239760,12015931831256.0,519355047901761.0,1733511601,262425,0xcbcdf9626bc03e24f779434178a73a0b4bad62ed
239880,0.0,519355047901761.0,1733511601,262425,0xcbcdf9626bc03e24f779434178a73a0b4bad62ed
240300,0.0,519355047901761.0,1733511601,262425,0xcbcdf9626bc03e24f779434178a73a0b4bad62ed
240360,0.0,519355047901761.0,1733511601,262425,0xcbcdf9626bc03e24f779434178a73a0b4bad62ed
240420,5857611184796.0,525212659086557.0,1733511601,262425,0xcbcdf9626bc03e24f779434178a73a0b4bad62ed
240720,0.0,525212659086557.0,1733511601,262425,0xcbcdf9626bc03e24f779434178a73a0b4bad62ed
240780,7818819408261.0,533031478494818.0,1733511601,262425,0xcbcdf9626bc03e24f779434178a73a0b4bad62ed
240960,0.0,533031478494818.0,1733511601,262425,0xcbcdf9626bc03e24f779434178a73a0b4bad62ed
241080,0.0,533031478494818.0,1733511601,262425,0xcbcdf9626bc03e24f779434178a73a0b4bad62ed
241140,0.0,533031478494818.0,1733511601,262425,0xcbcdf9626bc03e24f779434178a73a0b4bad62ed
241260,1856215464927.0,534887693959745.0,1733511601,262425,0xcbcdf9626bc03e24f779434178a73a0b4bad62ed
241380,7814421206784.0,542702115166529.0,1733511601,262425,0xcbcdf9626bc03e24f779434178a73a0b4bad62ed
241500,0.0,542702115166529.0,1733511601,262425,0xcbcdf9626bc03e24f779434178a73a0b4bad62ed
241620,0.0,542702115166529.0,1733511601,262425,0xcbcdf9626bc03e24f779434178a73a0b4bad62ed
241680,0.0,542702115166529.0,1733511601,262425,0xcbcdf9626bc03e24f779434178a73a0b4bad62ed
241860,0.0,542702115166529.0,1733511601,262425,0xcbcdf9626bc03e24f779434178a73a0b4bad62ed
241920,0.0,542702115166529.0,1733511601,262425,0xcbcdf9626bc03e24f779434178a73a0b4bad62ed
242040,0.0,542702115166529.0,1733511601,262425,0xcbcdf9626bc03e24f779434178a73a0b4bad62ed
242220,0.0,542702115166529.0,1733511601,262425,0xcbcdf9626bc03e24f779434178a73a0b4bad62ed
242280,0.0,542702115166529.0,1733511601,262425,0xcbcdf9626bc03e24f779434178a73a0b4bad62ed
242340,3373862096954.0,546075977263483.0,1733511601,262425,0xcbcdf9626bc03e24f779434178a73a0b4bad62ed
242580,0.0,546075977263483.0,1733511601,262425,0xcbcdf9626bc03e24f779434178a73a0b4bad62ed
242700,0.0,546075977263483.0,1733511601,262425,0xcbcdf9626bc03e24f779434178a73a0b4bad62ed
242760,0.0,546075977263483.0,1733511601,262425,0xcbcdf9626bc03e24f779434178a73a0b4bad62ed
242820,0.0,546075977263483.0,1733511601,262425,0xcbcdf9626bc03e24f779434178a73a0b4bad62ed
242880,0.0,546075977263483.0,1733511601,262425,0xcbcdf9626bc03e24f779434178a73a0b4bad62ed
242940,0.0,546075977263483.0,1733511601,262425,0xcbcdf9626bc03e24f779434178a73a0b4bad62ed
243000,0.0,546075977263483.0,1733511601,262425,0xcbcdf9626bc03e24f779434178a73a0b4bad62ed
243300,0.0,546075977263483.0,1733511601,262425,0xcbcdf9626bc03e24f779434178a73a0b4bad62ed
243360,5369432313569.0,551445409577052.0,1733511601,262425,0xcbcdf9626bc03e24f779434178a73a0b4bad62ed
243480,0.0,551445409577052.0,1733511601,262425,0xcbcdf9626bc03e24f779434178a73a0b4bad62ed
243660,0.0,551445409577052.0,1733511601,262425,0xcbcdf9626bc03e24f779434178a73a0b4bad62ed
243720,0.0,551445409577052.0,1733511601,262425,0xcbcdf9626bc03e24f779434178a73a0b4bad62ed
243840,0.0,551445409577052.0,1733511601,262425,0xcbcdf9626bc03e24f779434178a73a0b4bad62ed
243900,0.0,551445409577052.0,1733511601,262425,0xcbcdf9626bc03e24f779434178a73a0b4bad62ed
243960,0.0,551445409577052.0,1733511601,262425,0xcbcdf9626bc03e24f779434178a73a0b4bad62ed
244020,0.0,551445409577052.0,1733511601,262425,0xcbcdf9626bc03e24f779434178a73a0b4bad62ed
244140,0.0,551445409577052.0,1733511601,262425,0xcbcdf9626bc03e24f779434178a73a0b4bad62ed
244320,0.0,551445409577052.0,1733511601,262425,0xcbcdf9626bc03e24f779434178a73a0b4bad62ed
244380,0.0,551445409577052.0,1733511601,262425,0xcbcdf9626bc03e24f779434178a73a0b4bad62ed
244560,0.0,551445409577052.0,1733511601,262425,0xcbcdf9626bc03e24f779434178a73a0b4bad62ed
244740,0.0,551445409577052.0,1733511601,262425,0xcbcdf9626bc03e24f779434178a73a0b4bad62ed
244860,893004067318.0,552338413644370.0,1733511601,262425,0xcbcdf9626bc03e24f779434178a73a0b4bad62ed
244920,0.0,552338413644370.0,1733511601,262425,0xcbcdf9626bc03e24f779434178a73a0b4bad62ed
244980,0.0,552338413644370.0,1733511601,262425,0xcbcdf9626bc03e24f779434178a73a0b4bad62ed
245040,0.0,552338413644370.0,1733511601,262425,0xcbcdf9626bc03e24f779434178a73a0b4bad62ed
245100,0.0,552338413644370.0,1733511601,262425,0xcbcdf9626bc03e24f779434178a73a0b4bad62ed
245280,0.0,552338413644370.0,1733511601,262425,0xcbcdf9626bc03e24f779434178a73a0b4bad62ed
245340,0.0,552338413644370.0,1733511601,262425,0xcbcdf9626bc03e24f779434178a73a0b4bad62ed
245520,0.0,552338413644370.0,1733511601,262425,0xcbcdf9626bc03e24f779434178a73a0b4bad62ed
245580,0.0,552338413644370.0,1733511601,262425,0xcbcdf9626bc03e24f779434178a73a0b4bad62ed
245640,0.0,552338413644370.0,1733511601,262425,0xcbcdf9626bc03e24f779434178a73a0b4bad62ed
245700,0.0,552338413644370.0,1733511601,262425,0xcbcdf9626bc03e24f779434178a73a0b4bad62ed
245760,0.0,552338413644370.0,1733511601,262425,0xcbcdf9626bc03e24f779434178a73a0b4bad62ed
245880,0.0,552338413644370.0,1733511601,262425,0xcbcdf9626bc03e24f779434178a73a0b4bad62ed
245940,76701235421656.0,629039649066026.0,1733511601,262425,0xcbcdf9626bc03e24f779434178a73a0b4bad62ed
246000,0.0,629039649066026.0,1733511601,262425,0xcbcdf9626bc03e24f779434178a73a0b4bad62ed
246120,0.0,629039649066026.0,1733511601,262425,0xcbcdf9626bc03e24f779434178a73a0b4bad62ed
246180,4890971540.0,629044540037566.0,1733511601,262425,0xcbcdf9626bc03e24f779434178a73a0b4bad62ed
246240,0.0,629044540037566.0,1733511601,262425,0xcbcdf9626bc03e24f779434178a73a0b4bad62ed
246300,0.0,629044540037566.0,1733511601,262425,0xcbcdf9626bc03e24f779434178a73a0b4bad62ed
246360,872115528325836.0,1501160068363402.0,1733511601,262425,0xcbcdf9626bc03e24f779434178a73a0b4bad62ed
246420,0.0,1501160068363402.0,1733511601,262425,0xcbcdf9626bc03e24f779434178a73a0b4bad62ed
246480,108468560122.0,1501268536923524.0,1733511601,262425,0xcbcdf9626bc03e24f779434178a73a0b4bad62ed
246540,0.0,1501268536923524.0,1733511601,262425,0xcbcdf9626bc03e24f779434178a73a0b4bad62ed
246600,0.0,1501268536923524.0,1733511601,262425,0xcbcdf9626bc03e24f779434178a73a0b4bad62ed
246660,13332022038787.0,1514600558962311.0,1733511601,262425,0xcbcdf9626bc03e24f779434178a73a0b4bad62ed
246720,0.0,1514600558962311.0,1733511601,262425,0xcbcdf9626bc03e24f779434178a73a0b4bad62ed
246780,9530357549.0,1514610089319860.0,1733511601,262425,0xcbcdf9626bc03e24f779434178a73a0b4bad62ed
246840,1143995552.0,1514611233315412.0,1733511601,262425,0xcbcdf9626bc03e24f779434178a73a0b4bad62ed
246900,0.0,1514611233315412.0,1733511601,262425,0xcbcdf9626bc03e24f779434178a73a0b4bad62ed
246960,14264473913293.0,1528875707228705.0,1733511601,262425,0xcbcdf9626bc03e24f779434178a73a0b4bad62ed
247020,0.0,1528875707228705.0,1733511601,262425,0xcbcdf9626bc03e24f779434178a73a0b4bad62ed
247080,0.0,1528875707228705.0,1733511601,262425,0xcbcdf9626bc03e24f779434178a73a0b4bad62ed
247140,0.0,1528875707228705.0,1733511601,262425,0xcbcdf9626bc03e24f779434178a73a0b4bad62ed
247200,0.0,1528875707228705.0,1733511601,262425,0xcbcdf9626bc03e24f779434178a73a0b4bad62ed
247260,0.0,1528875707228705.0,1733511601,262425,0xcbcdf9626bc03e24f779434178a73a0b4bad62ed
247320,48519918747269.0,1577395625975974.0,1733511601,262425,0xcbcdf9626bc03e24f779434178a73a0b4bad62ed
247380,132082423400388.0,1709478049376362.0,1733511601,262425,0xcbcdf9626bc03e24f779434178a73a0b4bad62ed
247440,637554050764081.0,2347032100140443.0,1733511601,262425,0xcbcdf9626bc03e24f779434178a73a0b4bad62ed
247500,0.0,2347032100140443.0,1733511601,262425,0xcbcdf9626bc03e24f779434178a73a0b4bad62ed
247560,0.0,2347032100140443.0,1733511601,262425,0xcbcdf9626bc03e24f779434178a73a0b4bad62ed
247620,487875820420.0,2347519975960863.0,1733511601,262425,0xcbcdf9626bc03e24f779434178a73a0b4bad62ed
247680,0.0,2347519975960863.0,1733511601,262425,0xcbcdf9626bc03e24f779434178a73a0b4bad62ed
247740,0.0,2347519975960863.0,1733511601,262425,0xcbcdf9626bc03e24f779434178a73a0b4bad62ed
247800,0.0,2347519975960863.0,1733511601,262425,0xcbcdf9626bc03e24f779434178a73a0b4bad62ed
247860,1649567047148.0,2349169543008011.0,1733511601,262425,0xcbcdf9626bc03e24f779434178a73a0b4bad62ed
247920,0.0,2349169543008011.0,1733511601,262425,0xcbcdf9626bc03e24f779434178a73a0b4bad62ed
247980,23028334649368.0,2372197877657379.0,1733511601,262425,0xcbcdf9626bc03e24f779434178a73a0b4bad62ed
248040,254596974393.0,2372452474631772.0,1733511601,262425,0xcbcdf9626bc03e24f779434178a73a0b4bad62ed
248100,6070743325515.0,2378523217957287.0,1733511601,262425,0xcbcdf9626bc03e24f779434178a73a0b4bad62ed
248160,92603655351387.0,2471126873308674.0,1733511601,262425,0xcbcdf9626bc03e24f779434178a73a0b4bad62ed
248220,0.0,2471126873308674.0,1733511601,262425,0xcbcdf9626bc03e24f779434178a73a0b4bad62ed
248280,1490329481300.0,2472617202789974.0,1733511601,262425,0xcbcdf9626bc03e24f779434178a73a0b4bad62ed
248340,0.0,2472617202789974.0,1733511601,262425,0xcbcdf9626bc03e24f779434178a73a0b4bad62ed
248400,3028378401643.0,2475645581191617.0,1733511601,262425,0xcbcdf9626bc03e24f779434178a73a0b4bad62ed
248460,0.0,2475645581191617.0,1733511601,262425,0xcbcdf9626bc03e24f779434178a73a0b4bad62ed
248520,0.0,2475645581191617.0,1733511601,262425,0xcbcdf9626bc03e24f779434178a73a0b4bad62ed
248580,103106629520.0,2475748687821137.0,1733511601,262425,0xcbcdf9626bc03e24f779434178a73a0b4bad62ed
248640,193573572275.0,2475942261393412.0,1733511601,262425,0xcbcdf9626bc03e24f779434178a73a0b4bad62ed
248700,97077449709202.0,2573019711102614.0,1733511601,262425,0xcbcdf9626bc03e24f779434178a73a0b4bad62ed
248760,0.0,2573019711102614.0,1733511601,262425,0xcbcdf9626bc03e24f779434178a73a0b4bad62ed
248820,0.0,2573019711102614.0,1733511601,262425,0xcbcdf9626bc03e24f779434178a73a0b4bad62ed
248880,1191600446578.0,2574211311549192.0,1733511601,262425,0xcbcdf9626bc03e24f779434178a73a0b4bad62ed
248940,0.0,2574211311549192.0,1733511601,262425,0xcbcdf9626bc03e24f779434178a73a0b4bad62ed
249000,369486187418481.0,2943697498967673.0,1733511601,262425,0xcbcdf9626bc03e24f779434178a73a0b4bad62ed
249060,9471041602366.0,2953168540570039.0,1733511601,262425,0xcbcdf9626bc03e24f779434178a73a0b4bad62ed
249120,39044742587.0,2953207585312626.0,1733511601,262425,0xcbcdf9626bc03e24f779434178a73a0b4bad62ed
249180,146503968744.0,2953354089281370.0,1733511601,262425,0xcbcdf9626bc03e24f779434178a73a0b4bad62ed
249240,213788187530362.0,3167142276811732.0,1733511601,262425,0xcbcdf9626bc03e24f779434178a73a0b4bad62ed
249300,635417428001577.0,3802559704813309.0,1733511601,262425,0xcbcdf9626bc03e24f779434178a73a0b4bad62ed
249360,197942145745612.0,4000501850558921.0,1733511601,262425,0xcbcdf9626bc03e24f779434178a73a0b4bad62ed
249420,561472754423.0,4001063323313344.0,1733511601,262425,0xcbcdf9626bc03e24f779434178a73a0b4bad62ed
249480,44931533032563.0,4045994856345907.0,1733511601,262425,0xcbcdf9626bc03e24f779434178a73a0b4bad62ed
249540,238272611632152.0,4284267467978059.0,1733511601,262425,0xcbcdf9626bc03e24f779434178a73a0b4bad62ed
249600,2671671127048.0,4286939139105107.0,1733511601,262425,0xcbcdf9626bc03e24f779434178a73a0b4bad62ed
249660,49088126427395.0,4336027265532502.0,1733511601,262425,0xcbcdf9626bc03e24f779434178a73a0b4bad62ed
249720,89948723431480.0,4425975988963982.0,1733511601,262425,0xcbcdf9626bc03e24f779434178a73a0b4bad62ed
249780,6423851479267.0,4432399840443249.0,1733511601,262425,0xcbcdf9626bc03e24f779434178a73a0b4bad62ed
249840,46591160757527.0,4478991001200776.0,1733511601,262425,0xcbcdf9626bc03e24f779434178a73a0b4bad62ed
249900,220794726525202.0,4699785727725978.0,1733511601,262425,0xcbcdf9626bc03e24f779434178a73a0b4bad62ed
249960,953156476880315.0,5652942204606293.0,1733511601,262425,0xcbcdf9626bc03e24f779434178a73a0b4bad62ed
250020,11761163997653.0,5664703368603946.0,1733511601,262425,0xcbcdf9626bc03e24f779434178a73a0b4bad62ed
250080,161963828791402.0,5826667197395348.0,1733511601,262425,0xcbcdf9626bc03e24f779434178a73a0b4bad62ed
250140,304108865965147.0,6130776063360495.0,1733511601,262425,0xcbcdf9626bc03e24f779434178a73a0b4bad62ed
250200,31224338121135.0,6162000401481630.0,1733511601,262425,0xcbcdf9626bc03e24f779434178a73a0b4bad62ed
250260,182417972577763.0,6344418374059393.0,1733511601,262425,0xcbcdf9626bc03e24f779434178a73a0b4bad62ed
250320,13409268993447.0,6357827643052840.0,1733511601,262425,0xcbcdf9626bc03e24f779434178a73a0b4bad62ed
250380,7238616413591.0,6365066259466431.0,1733511601,262425,0xcbcdf9626bc03e24f779434178a73a0b4bad62ed
250440,19261518451709.0,6384327777918140.0,1733511601,262425,0xcbcdf9626bc03e24f779434178a73a0b4bad62ed
250500,219496611409174.0,6603824389327314.0,1733511601,262425,0xcbcdf9626bc03e24f779434178a73a0b4bad62ed
250560,26156816272.0,6603850546143586.0,1733511601,262425,0xcbcdf9626bc03e24f779434178a73a0b4bad62ed
250620,531539037018797.0,7135389583162383.0,1733511601,262425,0xcbcdf9626bc03e24f779434178a73a0b4bad62ed
250680,178420510441493.0,7313810093603876.0,1733511601,262425,0xcbcdf9626bc03e24f779434178a73a0b4bad62ed
250740,6511760535629.0,7320321854139505.0,1733511601,262425,0xcbcdf9626bc03e24f779434178a73a0b4bad62ed
250800,251664123986.0,7320573518263491.0,1733511601,262425,0xcbcdf9626bc03e24f779434178a73a0b4bad62ed
250860,286751376983172.0,7607324895246663.0,1733511601,262425,0xcbcdf9626bc03e24f779434178a73a0b4bad62ed
250920,19506756375315.0,7626831651621978.0,1733511601,262425,0xcbcdf9626bc03e24f779434178a73a0b4bad62ed
250980,224707983199.0,7627056359605177.0,1733511601,262425,0xcbcdf9626bc03e24f779434178a73a0b4bad62ed
251040,733247911816440.0,8360304271421617.0,1733511601,262425,0xcbcdf9626bc03e24f779434178a73a0b4bad62ed
251100,30061536441575.0,8390365807863192.0,1733511601,262425,0xcbcdf9626bc03e24f779434178a73a0b4bad62ed
251160,551144177.0,8390366359007369.0,1733511601,262425,0xcbcdf9626bc03e24f779434178a73a0b4bad62ed
251220,218321063372293.0,8608687422379662.0,1733511601,262425,0xcbcdf9626bc03e24f779434178a73a0b4bad62ed
251280,1749040447429.0,8610436462827091.0,1733511601,262425,0xcbcdf9626bc03e24f779434178a73a0b4bad62ed
251340,244785159228991.0,8855221622056082.0,1733511601,262425,0xcbcdf9626bc03e24f779434178a73a0b4bad62ed
251400,23072218799196.0,8878293840855278.0,1733511601,262425,0xcbcdf9626bc03e24f779434178a73a0b4bad62ed
251460,1733205901632.0,8880027046756910.0,1733511601,262425,0xcbcdf9626bc03e24f779434178a73a0b4bad62ed
251520,21192152937359.0,8901219199694269.0,1733511601,262425,0xcbcdf9626bc03e24f779434178a73a0b4bad62ed
251580,908997014415663.0,9810216214109932.0,1733511601,262425,0xcbcdf9626bc03e24f779434178a73a0b4bad62ed
251640,214898561713.0,9810431112671644.0,1733511601,262425,0xcbcdf9626bc03e24f779434178a73a0b4bad62ed
251700,676039554249.0,9811107152225894.0,1733511601,262425,0xcbcdf9626bc03e24f779434178a73a0b4bad62ed
251760,12434678646254.0,9823541830872148.0,1733511601,262425,0xcbcdf9626bc03e24f779434178a73a0b4bad62ed
251820,65147314878974.0,9888689145751122.0,1733511601,262425,0xcbcdf9626bc03e24f779434178a73a0b4bad62ed
251880,931553309070.0,9889620699060192.0,1733511601,262425,0xcbcdf9626bc03e24f779434178a73a0b4bad62ed
251940,0.0,9889620699060192.0,1733511601,262425,0xcbcdf9626bc03e24f779434178a73a0b4bad62ed
252000,7575224935196.0,9897195923995388.0,1733511601,262425,0xcbcdf9626bc03e24f779434178a73a0b4bad62ed
252060,14139714655680.0,9911335638651068.0,1733511601,262425,0xcbcdf9626bc03e24f779434178a73a0b4bad62ed
252120,43405319030563.0,9954740957681632.0,1733511601,262425,0xcbcdf9626bc03e24f779434178a73a0b4bad62ed
252180,86793345812064.0,1.0041534303493696e+16,1733511601,262425,0xcbcdf9626bc03e24f779434178a73a0b4bad62ed
252240,5178104288947870.0,1.5219638592441564e+16,1733511601,262425,0xcbcdf9626bc03e24f779434178a73a0b4bad62ed
252300,166715713462657.0,1.5386354305904222e+16,1733511601,262425,0xcbcdf9626bc03e24f779434178a73a0b4bad62ed
252360,100972267633627.0,1.5487326573537848e+16,1733511601,262425,0xcbcdf9626bc03e24f779434178a73a0b4bad62ed
252420,171629898110504.0,1.5658956471648352e+16,1733511601,262425,0xcbcdf9626bc03e24f779434178a73a0b4bad62ed
252480,3400485365604.0,1.5662356957013956e+16,1733511601,262425,0xcbcdf9626bc03e24f779434178a73a0b4bad62ed
252540,1592094502416852.0,1.7254451459430808e+16,1733511601,262425,0xcbcdf9626bc03e24f779434178a73a0b4bad62ed
252600,170891589773000.0,1.7425343049203808e+16,1733511601,262425,0xcbcdf9626bc03e24f779434178a73a0b4bad62ed
252660,64655707460044.0,1.7489998756663852e+16,1733511601,262425,0xcbcdf9626bc03e24f779434178a73a0b4bad62ed
252720,313173256399322.0,1.7803172013063176e+16,1733511601,262425,0xcbcdf9626bc03e24f779434178a73a0b4bad62ed
252780,1142378554183342.0,1.8945550567246516e+16,1733511601,262425,0xcbcdf9626bc03e24f779434178a73a0b4bad62ed
252840,102055728900030.0,1.9047606296146548e+16,1733511601,262425,0xcbcdf9626bc03e24f779434178a73a0b4bad62ed
252900,16255756026673.0,1.906386205217322e+16,1733511601,262425,0xcbcdf9626bc03e24f779434178a73a0b4bad62ed
252960,56949657025494.0,1.912081170919871e+16,1733511601,262425,0xcbcdf9626bc03e24f779434178a73a0b4bad62ed
253020,38011552470793.0,1.9158823261669508e+16,1733511601,262425,0xcbcdf9626bc03e24f779434178a73a0b4bad62ed
253080,22613472616724.0,1.918143673428623e+16,1733511601,262425,0xcbcdf9626bc03e24f779434178a73a0b4bad62ed
253140,0.0,1.918143673428623e+16,1733511601,262425,0xcbcdf9626bc03e24f779434178a73a0b4bad62ed
253200,2076150193082395.0,2.1257586927368624e+16,1733511601,262425,0xcbcdf9626bc03e24f779434178a73a0b4bad62ed
253260,369895443096261.0,2.162748237046489e+16,1733511601,262425,0xcbcdf9626bc03e24f779434178a73a0b4bad62ed
253320,5434755551698545.0,2.706223792216343e+16,1733511601,262425,0xcbcdf9626bc03e24f779434178a73a0b4bad62ed
253380,19421493899998.0,2.708165941606343e+16,1733511601,262425,0xcbcdf9626bc03e24f779434178a73a0b4bad62ed
253440,14281260462659.0,2.709594067652609e+16,1733511601,262425,0xcbcdf9626bc03e24f779434178a73a0b4bad62ed
253500,82625199163116.0,2.7178565875689204e+16,1733511601,262425,0xcbcdf9626bc03e24f779434178a73a0b4bad62ed
253560,44716719181113.0,2.722328259487032e+16,1733511601,262425,0xcbcdf9626bc03e24f779434178a73a0b4bad62ed
253620,1659036795346405.0,2.8882319390216724e+16,1733511601,262425,0xcbcdf9626bc03e24f779434178a73a0b4bad62ed
253680,1641537289715050.0,3.0523856679931772e+16,1733511601,262425,0xcbcdf9626bc03e24f779434178a73a0b4bad62ed
253740,260955781409632.0,3.0784812461341404e+16,1733511601,262425,0xcbcdf9626bc03e24f779434178a73a0b4bad62ed
253800,5465457484013366.0,3.625026994535477e+16,1733511601,262425,0xcbcdf9626bc03e24f779434178a73a0b4bad62ed
253860,17890564658037.0,3.626816051001281e+16,1733511601,262425,0xcbcdf9626bc03e24f779434178a73a0b4bad62ed
253920,30271606195941.0,3.629843211620875e+16,1733511601,262425,0xcbcdf9626bc03e24f779434178a73a0b4bad62ed
253980,26952882747779.0,3.632538499895653e+16,1733511601,262425,0xcbcdf9626bc03e24f779434178a73a0b4bad62ed
254040,7123699976405738.0,4.3449084975362264e+16,1733511601,262425,0xcbcdf9626bc03e24f779434178a73a0b4bad62ed
254100,409097394257021.0,4.385818236961929e+16,1733511601,262425,0xcbcdf9626bc03e24f779434178a73a0b4bad62ed
254160,81897834723642.0,4.394008020434293e+16,1733511601,262425,0xcbcdf9626bc03e24f779434178a73a0b4bad62ed
254220,43857601328415.0,4.398393780567134e+16,1733511601,262425,0xcbcdf9626bc03e24f779434178a73a0b4bad62ed
254280,1701004991714080.0,4.568494279738542e+16,1733511601,262425,0xcbcdf9626bc03e24f779434178a73a0b4bad62ed
254340,799218497501302.0,4.648416129488673e+16,1733511601,262425,0xcbcdf9626bc03e24f779434178a73a0b4bad62ed
254400,297357420819227.0,4.678151871570595e+16,1733511601,262425,0xcbcdf9626bc03e24f779434178a73a0b4bad62ed
254460,5025094694273.0,4.678654381040022e+16,1733511601,262425,0xcbcdf9626bc03e24f779434178a73a0b4bad62ed
254520,2053034056515.0,4.6788596844456744e+16,1733511601,262425,0xcbcdf9626bc03e24f779434178a73a0b4bad62ed
254580,59744897971984.0,4.684834174242873e+16,1733511601,262425,0xcbcdf9626bc03e24f779434178a73a0b4bad62ed
254640,2074200606896696.0,4.892254234932542e+16,1733511601,262425,0xcbcdf9626bc03e24f779434178a73a0b4bad62ed
254700,548096865630711.0,4.947063921495613e+16,1733511601,262425,0xcbcdf9626bc03e24f779434178a73a0b4bad62ed
254760,51794675655264.0,4.952243389061139e+16,1733511601,262425,0xcbcdf9626bc03e24f779434178a73a0b4bad62ed
254820,46038681397955.0,4.956847257200935e+16,1733511601,262425,0xcbcdf9626bc03e24f779434178a73a0b4bad62ed
254880,1.016077558401408e+16,5.972924815602343e+16,1733511601,262425,0xcbcdf9626bc03e24f779434178a73a0b4bad62ed
254940,983710076012363.0,6.071295823203579e+16,1733511601,262425,0xcbcdf9626bc03e24f779434178a73a0b4bad62ed
255000,18980599997440.0,6.073193883203323e+16,1733511601,262425,0xcbcdf9626bc03e24f779434178a73a0b4bad62ed
255060,3088262780919479.0,6.382020161295271e+16,1733511601,262425,0xcbcdf9626bc03e24f779434178a73a0b4bad62ed
255120,-9000812877779065.0,5.481938873517365e+16,1733511601,262425,0xcbcdf9626bc03e24f779434178a73a0b4bad62ed
255180,1050788314645595.0,5.587017704981924e+16,1733511601,262425,0xcbcdf9626bc03e24f779434178a73a0b4bad62ed
255240,142053688617761.0,5.601223073843701e+16,1733511601,262425,0xcbcdf9626bc03e24f779434178a73a0b4bad62ed
255300,134330932773798.0,5.61465616712108e+16,1733511601,262425,0xcbcdf9626bc03e24f779434178a73a0b4bad62ed
255360,58187677282319.0,5.620474934849312e+16,1733511601,262425,0xcbcdf9626bc03e24f779434178a73a0b4bad62ed
255420,987512676431675.0,5.71922620249248e+16,1733511601,262425,0xcbcdf9626bc03e24f779434178a73a0b4bad62ed
255480,492437349096977.0,5.768469937402178e+16,1733511601,262425,0xcbcdf9626bc03e24f779434178a73a0b4bad62ed
255540,3557473611085497.0,6.124217298510727e+16,1733511601,262425,0xcbcdf9626bc03e24f779434178a73a0b4bad62ed
255600,527450548348118.0,6.176962353345539e+16,1733511601,262425,0xcbcdf9626bc03e24f779434178a73a0b4bad62ed
255660,1551327010447454.0,6.332095054390284e+16,1733511601,262425,0xcbcdf9626bc03e24f779434178a73a0b4bad62ed
255720,302307739537934.0,6.3623258283440776e+16,1733511601,262425,0xcbcdf9626bc03e24f779434178a73a0b4bad62ed
255780,2.9896118436127932e+16,9.35193767195687e+16,1733511601,262425,0xcbcdf9626bc03e24f779434178a73a0b4bad62ed
255840,20575774361847.0,9.353995249393056e+16,1733511601,262425,0xcbcdf9626bc03e24f779434178a73a0b4bad62ed
255900,5.43502216845912e+16,1.4789017417852176e+17,1733511601,262425,0xcbcdf9626bc03e24f779434178a73a0b4bad62ed
255960,-48828194262283.0,1.4784134598425946e+17,1733511601,262425,0xcbcdf9626bc03e24f779434178a73a0b4bad62ed
256020,-69551505536825.0,1.4777179447872266e+17,1733511601,262425,0xcbcdf9626bc03e24f779434178a73a0b4bad62ed
256080,52289014916369.0,1.47824083493639e+17,1733511601,262425,0xcbcdf9626bc03e24f779434178a73a0b4bad62ed
256140,5.646095236978289e+16,2.042850358634219e+17,1733511601,262425,0xcbcdf9626bc03e24f779434178a73a0b4bad62ed
256200,311161404681329.0,2.0459619726810323e+17,1733511601,262425,0xcbcdf9626bc03e24f779434178a73a0b4bad62ed
256260,39035398993995.0,2.046352326670972e+17,1733511601,262425,0xcbcdf9626bc03e24f779434178a73a0b4bad62ed
256320,130985482562915.0,2.0476621814966013e+17,1733511601,262425,0xcbcdf9626bc03e24f779434178a73a0b4bad62ed
256380,3.0658959273023644e+16,2.3542517742268378e+17,1733511601,262425,0xcbcdf9626bc03e24f779434178a73a0b4bad62ed
256440,850948073488888.0,2.3627612549617267e+17,1733511601,262425,0xcbcdf9626bc03e24f779434178a73a0b4bad62ed
256500,730902703843482.0,2.3700702820001616e+17,1733511601,262425,0xcbcdf9626bc03e24f779434178a73a0b4bad62ed
256560,235308478332141.0,2.372423366783483e+17,1733511601,262425,0xcbcdf9626bc03e24f779434178a73a0b4bad62ed
256620,2939796431431558.0,2.4018213310977984e+17,1733511601,262425,0xcbcdf9626bc03e24f779434178a73a0b4bad62ed
256680,2644344520673677.0,2.4282647763045354e+17,1733511601,262425,0xcbcdf9626bc03e24f779434178a73a0b4bad62ed
256740,-778992989269082.0,2.4204748464118445e+17,1733511601,262425,0xcbcdf9626bc03e24f779434178a73a0b4bad62ed
256800,1030919077272087.0,2.4307840371845654e+17,1733511601,262425,0xcbcdf9626bc03e24f779434178a73a0b4bad62ed
256860,2789554893849648.0,2.4586795861230618e+17,1733511601,262425,0xcbcdf9626bc03e24f779434178a73a0b4bad62ed
256920,1129745912820509.0,2.469977045251267e+17,1733511601,262425,0xcbcdf9626bc03e24f779434178a73a0b4bad62ed
256980,-186464626162319.0,2.4681123989896438e+17,1733511601,262425,0xcbcdf9626bc03e24f779434178a73a0b4bad62ed
257040,8466227146434097.0,2.5527746704539846e+17,1733511601,262425,0xcbcdf9626bc03e24f779434178a73a0b4bad62ed
257100,87639452537004.0,2.553651064979355e+17,1733511601,262425,0xcbcdf9626bc03e24f779434178a73a0b4bad62ed
257160,1556382941641728.0,2.569214894395772e+17,1733511601,262425,0xcbcdf9626bc03e24f779434178a73a0b4bad62ed
257220,-7125509056523052.0,2.4979598038305414e+17,1733511601,262425,0xcbcdf9626bc03e24f779434178a73a0b4bad62ed
257280,4752288726399870.0,2.54548269109454e+17,1733511601,262425,0xcbcdf9626bc03e24f779434178a73a0b4bad62ed
257340,3937732231421488.0,2.5848600134087552e+17,1733511601,262425,0xcbcdf9626bc03e24f779434178a73a0b4bad62ed
257400,-2393095339372355.0,2.5609290600150317e+17,1733511601,262425,0xcbcdf9626bc03e24f779434178a73a0b4bad62ed
257460,-2354057451958776.0,2.537388485495444e+17,1733511601,262425,0xcbcdf9626bc03e24f779434178a73a0b4bad62ed
257520,1235210338190408.0,2.549740588877348e+17,1733511601,262425,0xcbcdf9626bc03e24f779434178a73a0b4bad62ed
257580,7.486935895856051e+16,3.298434178462953e+17,1733511601,262425,0xcbcdf9626bc03e24f779434178a73a0b4bad62ed
257640,1419064465323640.0,3.3126248231161894e+17,1733511601,262425,0xcbcdf9626bc03e24f779434178a73a0b4bad62ed
257700,292218287077941.0,3.315547005986969e+17,1733511601,262425,0xcbcdf9626bc03e24f779434178a73a0b4bad62ed
257760,-66279268584286.0,3.314884213301126e+17,1733511601,262425,0xcbcdf9626bc03e24f779434178a73a0b4bad62ed
257820,-3.0537111135264504e+16,3.0095131019484806e+17,1733511601,262425,0xcbcdf9626bc03e24f779434178a73a0b4bad62ed
257880,146752142224705.0,3.010980623370728e+17,1733511601,262425,0xcbcdf9626bc03e24f779434178a73a0b4bad62ed
257940,105415407354625.0,3.012034777444274e+17,1733511601,262425,0xcbcdf9626bc03e24f779434178a73a0b4bad62ed
258000,2700124409840438.0,3.0390360215426784e+17,1733511601,262425,0xcbcdf9626bc03e24f779434178a73a0b4bad62ed
258060,-3.3749358130542136e+16,2.7015424402372573e+17,1733511601,262425,0xcbcdf9626bc03e24f779434178a73a0b4bad62ed
258120,3101805215472654.0,2.7325604923919837e+17,1733511601,262425,0xcbcdf9626bc03e24f779434178a73a0b4bad62ed
258180,4042921580287584.0,2.7729897081948595e+17,1733511601,262425,0xcbcdf9626bc03e24f779434178a73a0b4bad62ed
258240,-2.5188279462807664e+16,2.521106913566783e+17,1733511601,262425,0xcbcdf9626bc03e24f779434178a73a0b4bad62ed
258300,-458520172533489.0,2.516521711841448e+17,1733511601,262425,0xcbcdf9626bc03e24f779434178a73a0b4bad62ed
258360,31388162452441.0,2.5168355934659725e+17,1733511601,262425,0xcbcdf9626bc03e24f779434178a73a0b4bad62ed
258420,4067370090223815.0,2.5575092943682106e+17,1733511601,262425,0xcbcdf9626bc03e24f779434178a73a0b4bad62ed
258480,230574430670824.0,2.559815038674919e+17,1733511601,262425,0xcbcdf9626bc03e24f779434178a73a0b4bad62ed
258540,-424277123711825.0,2.5555722674378006e+17,1733511601,262425,0xcbcdf9626bc03e24f779434178a73a0b4bad62ed
258600,-3048907718212617.0,2.5250831902556746e+17,1733511601,262425,0xcbcdf9626bc03e24f779434178a73a0b4bad62ed
258660,1601985552105029.0,2.5411030457767248e+17,1733511601,262425,0xcbcdf9626bc03e24f779434178a73a0b4bad62ed
258720,224438951640972.0,2.5433474352931344e+17,1733511601,262425,0xcbcdf9626bc03e24f779434178a73a0b4bad62ed
258780,1.930529112847184e+16,2.7364003465778528e+17,1733511601,262425,0xcbcdf9626bc03e24f779434178a73a0b4bad62ed
258840,-290634775476843.0,2.7334939988230845e+17,1733511601,262425,0xcbcdf9626bc03e24f779434178a73a0b4bad62ed
258900,200335188435090.0,2.7354973507074352e+17,1733511601,262425,0xcbcdf9626bc03e24f779434178a73a0b4bad62ed
258960,656568868095597.0,2.7420630393883914e+17,1733511601,262425,0xcbcdf9626bc03e24f779434178a73a0b4bad62ed
259020,23602738992215.0,2.7422990667783136e+17,1733511601,262425,0xcbcdf9626bc03e24f779434178a73a0b4bad62ed
259080,2622419821356887.0,2.7685232649918822e+17,1733511601,262425,0xcbcdf9626bc03e24f779434178a73a0b4bad62ed
259140,9640124064494080.0,2.864924505636823e+17,1733511601,262425,0xcbcdf9626bc03e24f779434178a73a0b4bad62ed
259200,-5.5022960720984424e+16,2.314694898426979e+17,1733511601,262425,0xcbcdf9626bc03e24f779434178a73a0b4bad62ed
259260,1.3199420479704336e+16,2.4466891032240224e+17,1733511601,262425,0xcbcdf9626bc03e24f779434178a73a0b4bad62ed
259320,-9020324017226.0,2.44659889998385e+17,1733511601,262425,0xcbcdf9626bc03e24f779434178a73a0b4bad62ed
259380,1013400791079727.0,2.4567329078946474e+17,1733511601,262425,0xcbcdf9626bc03e24f779434178a73a0b4bad62ed
259440,-479689754185435.0,2.451936010352793e+17,1733511601,262425,0xcbcdf9626bc03e24f779434178a73a0b4bad62ed
259500,2726908327239207.0,2.479205093625185e+17,1733511601,262425,0xcbcdf9626bc03e24f779434178a73a0b4bad62ed
259560,553693531751928.0,2.4847420289427043e+17,1733511601,262425,0xcbcdf9626bc03e24f779434178a73a0b4bad62ed
259620,-373825727127318.0,2.481003771671431e+17,1733511601,262425,0xcbcdf9626bc03e24f779434178a73a0b4bad62ed
259680,47783443703275.0,2.481481606108464e+17,1733511601,262425,0xcbcdf9626bc03e24f779434178a73a0b4bad62ed
259740,-5317372456643697.0,2.428307881542027e+17,1733511601,262425,0xcbcdf9626bc03e24f779434178a73a0b4bad62ed
259800,-2399770050990623.0,2.4043101810321206e+17,1733511601,262425,0xcbcdf9626bc03e24f779434178a73a0b4bad62ed
259860,-367578617070793.0,2.4006343948614128e+17,1733511601,262425,0xcbcdf9626bc03e24f779434178a73a0b4bad62ed
259920,-2662725148995553.0,2.3740071433714573e+17,1733511601,262425,0xcbcdf9626bc03e24f779434178a73a0b4bad62ed
259980,-2455385936090572.0,2.3494532840105514e+17,1733511601,262425,0xcbcdf9626bc03e24f779434178a73a0b4bad62ed
260040,6136909430631922.0,2.4108223783168707e+17,1733511601,262425,0xcbcdf9626bc03e24f779434178a73a0b4bad62ed
260100,-1.717896931832483e+16,2.2390326851336224e+17,1733511601,262425,0xcbcdf9626bc03e24f779434178a73a0b4bad62ed
260160,-489143839492256.0,2.2341412467386998e+17,1733511601,262425,0xcbcdf9626bc03e24f779434178a73a0b4bad62ed
260220,-4049728743760386.0,2.193643959301096e+17,1733511601,262425,0xcbcdf9626bc03e24f779434178a73a0b4bad62ed
260280,-1718865377100482.0,2.1764553055300912e+17,1733511601,262425,0xcbcdf9626bc03e24f779434178a73a0b4bad62ed
260340,3048799805249602.0,2.2069433035825872e+17,1733511601,262425,0xcbcdf9626bc03e24f779434178a73a0b4bad62ed
260400,-45100948164173.0,2.2064922941009456e+17,1733511601,262425,0xcbcdf9626bc03e24f779434178a73a0b4bad62ed
260460,-8059567694729048.0,2.125896617153655e+17,1733511601,262425,0xcbcdf9626bc03e24f779434178a73a0b4bad62ed
260520,-207947842127359.0,2.1238171387323814e+17,1733511601,262425,0xcbcdf9626bc03e24f779434178a73a0b4bad62ed
260580,-1.1501307727563274e+16,2.0088040614567488e+17,1733511601,262425,0xcbcdf9626bc03e24f779434178a73a0b4bad62ed
260640,-1.865565728747651e+16,1.8222474885819837e+17,1733511601,262425,0xcbcdf9626bc03e24f779434178a73a0b4bad62ed
260700,-320215641751979.0,1.8190453321644637e+17,1733511601,262425,0xcbcdf9626bc03e24f779434178a73a0b4bad62ed
260760,-7.828919148265366e+16,1.0361534173379272e+17,1733511601,262425,0xcbcdf9626bc03e24f779434178a73a0b4bad62ed
260820,242067276740604.0,1.0385740901053333e+17,1733511601,262425,0xcbcdf9626bc03e24f779434178a73a0b4bad62ed
260880,-2.2873950037752844e+16,8.098345897278048e+16,1733511601,262425,0xcbcdf9626bc03e24f779434178a73a0b4bad62ed
260940,-81642506654567.0,8.090181646612592e+16,1733511601,262425,0xcbcdf9626bc03e24f779434178a73a0b4bad62ed
261000,-4977831023230.0,8.089683863510269e+16,1733511601,262425,0xcbcdf9626bc03e24f779434178a73a0b4bad62ed
261060,-665790029591264.0,8.023104860551142e+16,1733511601,262425,0xcbcdf9626bc03e24f779434178a73a0b4bad62ed
261120,1255073263946408.0,8.148612186945782e+16,1733511601,262425,0xcbcdf9626bc03e24f779434178a73a0b4bad62ed
261180,36444498151743.0,8.152256636760957e+16,1733511601,262425,0xcbcdf9626bc03e24f779434178a73a0b4bad62ed
261240,-1832528190977278.0,7.969003817663229e+16,1733511601,262425,0xcbcdf9626bc03e24f779434178a73a0b4bad62ed
261300,2.3861691362820256e+17,3.183069518048348e+17,1733511601,262425,0xcbcdf9626bc03e24f779434178a73a0b4bad62ed
261360,-2143168572550961.0,3.161637832322839e+17,1733511601,262425,0xcbcdf9626bc03e24f779434178a73a0b4bad62ed
261420,1.9221714944152324e+16,3.353854981764362e+17,1733511601,262425,0xcbcdf9626bc03e24f779434178a73a0b4bad62ed
261480,-2.363663357569838e+17,9.901916241945242e+16,1733511601,262425,0xcbcdf9626bc03e24f779434178a73a0b4bad62ed
261540,609736151260004.0,9.962889857071242e+16,1733511601,262425,0xcbcdf9626bc03e24f779434178a73a0b4bad62ed
261600,5.483559882669549e+16,1.544644973974079e+17,1733511601,262425,0xcbcdf9626bc03e24f779434178a73a0b4bad62ed
261660,1.970769334888373e+16,1.7417219074629162e+17,1733511601,262425,0xcbcdf9626bc03e24f779434178a73a0b4bad62ed
261720,6.274797354263485e+16,2.369201642889265e+17,1733511601,262425,0xcbcdf9626bc03e24f779434178a73a0b4bad62ed
261780,-583364698344045.0,2.3633679959058243e+17,1733511601,262425,0xcbcdf9626bc03e24f779434178a73a0b4bad62ed
261840,8863442132691885.0,2.4520024172327434e+17,1733511601,262425,0xcbcdf9626bc03e24f779434178a73a0b4bad62ed
261900,2184110079613169.0,2.473843518028875e+17,1733511601,262425,0xcbcdf9626bc03e24f779434178a73a0b4bad62ed
261960,7260017588035383.0,2.5464436939092288e+17,1733511601,262425,0xcbcdf9626bc03e24f779434178a73a0b4bad62ed
262020,-51775877624711.0,2.5459259351329818e+17,1733511601,262425,0xcbcdf9626bc03e24f779434178a73a0b4bad62ed
262080,-13552930869842.0,2.5457904058242832e+17,1733511601,262425,0xcbcdf9626bc03e24f779434178a73a0b4bad62ed
262140,1576674666146865.0,2.561557152485752e+17,1733511601,262425,0xcbcdf9626bc03e24f779434178a73a0b4bad62ed
262200,922592810172764.0,2.5707830805874794e+17,1733511601,262425,0xcbcdf9626bc03e24f779434178a73a0b4bad62ed
262260,-4756142027857248.0,2.523221660308907e+17,1733511601,262425,0xcbcdf9626bc03e24f779434178a73a0b4bad62ed
262320,1.1467800439094996e+16,2.637899664699857e+17,1733511601,262425,0xcbcdf9626bc03e24f779434178a73a0b4bad62ed
262380,-168894855679221.0,2.6362107161430646e+17,1733511601,262425,0xcbcdf9626bc03e24f779434178a73a0b4bad62ed
262440,-170592480599309.0,2.6345047913370717e+17,1733511601,262425,0xcbcdf9626bc03e24f779434178a73a0b4bad62ed
262500,-2901885722467973.0,2.605485934112392e+17,1733511601,262425,0xcbcdf9626bc03e24f779434178a73a0b4bad62ed
262560,-430076858003174.0,2.6011851655323603e+17,1733511601,262425,0xcbcdf9626bc03e24f779434178a73a0b4bad62ed
262620,-822229703193582.0,2.5929628685004243e+17,1733511601,262425,0xcbcdf9626bc03e24f779434178a73a0b4bad62ed
262680,-8712074631439615.0,2.505842122186028e+17,1733511601,262425,0xcbcdf9626bc03e24f779434178a73a0b4bad62ed
262740,-531114249429413.0,2.500530979691734e+17,1733511601,262425,0xcbcdf9626bc03e24f779434178a73a0b4bad62ed
262800,-5569227359722808.0,2.444838706094506e+17,1733511601,262425,0xcbcdf9626bc03e24f779434178a73a0b4bad62ed
262860,-5.739922247981346e+16,1.8708464812963715e+17,1733511601,262425,0xcbcdf9626bc03e24f779434178a73a0b4bad62ed
262920,1166205493516789.0,1.8825085362315392e+17,1733511601,262425,0xcbcdf9626bc03e24f779434178a73a0b4bad62ed
262980,-6.272575967551485e+16,1.2552509394763909e+17,1733511601,262425,0xcbcdf9626bc03e24f779434178a73a0b4bad62ed
263040,-239224338845188.0,1.252858696087939e+17,1733511601,262425,0xcbcdf9626bc03e24f779434178a73a0b4bad62ed
263100,-403365096358850.0,1.2488250451243504e+17,1733511601,262425,0xcbcdf9626bc03e24f779434178a73a0b4bad62ed
263160,-669193299857080.0,1.2421331121257797e+17,1733511601,262425,0xcbcdf9626bc03e24f779434178a73a0b4bad62ed
263220,-5510176495895527.0,1.1870313471668243e+17,1733511601,262425,0xcbcdf9626bc03e24f779434178a73a0b4bad62ed
263280,-2140902410908369.0,1.1656223230577406e+17,1733511601,262425,0xcbcdf9626bc03e24f779434178a73a0b4bad62ed
263340,-163754689922034.0,1.1639847761585203e+17,1733511601,262425,0xcbcdf9626bc03e24f779434178a73a0b4bad62ed
263400,-358861547974683.0,1.1603961606787736e+17,1733511601,262425,0xcbcdf9626bc03e24f779434178a73a0b4bad62ed
263460,-4439293204953681.0,1.1160032286292368e+17,1733511601,262425,0xcbcdf9626bc03e24f779434178a73a0b4bad62ed
263520,-1681640297232650.0,1.0991868256569102e+17,1733511601,262425,0xcbcdf9626bc03e24f779434178a73a0b4bad62ed
263580,-165817675173707.0,1.0975286489051731e+17,1733511601,262425,0xcbcdf9626bc03e24f779434178a73a0b4bad62ed
263640,-2601760143098857.0,1.0715110474741846e+17,1733511601,262425,0xcbcdf9626bc03e24f779434178a73a0b4bad62ed
263700,-91027983416303.0,1.0706007676400216e+17,1733511601,262425,0xcbcdf9626bc03e24f779434178a73a0b4bad62ed
263760,-936122685327105.0,1.0612395407867506e+17,1733511601,262425,0xcbcdf9626bc03e24f779434178a73a0b4bad62ed
263820,-2.272615244405886e+16,8.33978016346162e+16,1733511601,262425,0xcbcdf9626bc03e24f779434178a73a0b4bad62ed
263880,-2197066362563565.0,8.120073527205262e+16,1733511601,262425,0xcbcdf9626bc03e24f779434178a73a0b4bad62ed
263940,-4315567701325330.0,7.68851675707273e+16,1733511601,262425,0xcbcdf9626bc03e24f779434178a73a0b4bad62ed
264000,-698690770513860.0,7.618647680021344e+16,1733511601,262425,0xcbcdf9626bc03e24f779434178a73a0b4bad62ed
264060,-137861025870341.0,7.604861577434309e+16,1733511601,262425,0xcbcdf9626bc03e24f779434178a73a0b4bad62ed
264120,2063714449650011.0,7.81123302239931e+16,1733511601,262425,0xcbcdf9626bc03e24f779434178a73a0b4bad62ed
264180,-775110519705779.0,7.733721970428733e+16,1733511601,262425,0xcbcdf9626bc03e24f779434178a73a0b4bad62ed
264240,-1.944648551996148e+16,5.789073418432585e+16,1733511601,262425,0xcbcdf9626bc03e24f779434178a73a0b4bad62ed
264300,-557002038785638.0,5.733373214554021e+16,1733511601,262425,0xcbcdf9626bc03e24f779434178a73a0b4bad62ed
264360,-7940634689560116.0,4.93930974559801e+16,1733511601,262425,0xcbcdf9626bc03e24f779434178a73a0b4bad62ed
264420,-207007575389732.0,4.918608988059036e+16,1733511601,262425,0xcbcdf9626bc03e24f779434178a73a0b4bad62ed
264480,-609791258408982.0,4.8576298622181384e+16,1733511601,262425,0xcbcdf9626bc03e24f779434178a73a0b4bad62ed
264540,-5211208750645538.0,4.336508987153584e+16,1733511601,262425,0xcbcdf9626bc03e24f779434178a73a0b4bad62ed
264600,-1112916646377754.0,4.225217322515809e+16,1733511601,262425,0xcbcdf9626bc03e24f779434178a73a0b4bad62ed
264660,-536931760625680.0,4.171524146453241e+16,1733511601,262425,0xcbcdf9626bc03e24f779434178a73a0b4bad62ed
264720,-2267653930166555.0,3.944758753436586e+16,1733511601,262425,0xcbcdf9626bc03e24f779434178a73a0b4bad62ed
264780,-92607347745776.0,3.935498018662008e+16,1733511601,262425,0xcbcdf9626bc03e24f779434178a73a0b4bad62ed
264840,-483716944747586.0,3.88712632418725e+16,1733511601,262425,0xcbcdf9626bc03e24f779434178a73a0b4bad62ed
264900,-824790224260790.0,3.8046473017611704e+16,1733511601,262425,0xcbcdf9626bc03e24f779434178a73a0b4bad62ed
264960,-22367651365470.0,3.802410536624623e+16,1733511601,262425,0xcbcdf9626bc03e24f779434178a73a0b4bad62ed
265020,-2312013458709.0,3.802179335278752e+16,1733511601,262425,0xcbcdf9626bc03e24f779434178a73a0b4bad62ed
265080,-198642772893992.0,3.782315057989353e+16,1733511601,262425,0xcbcdf9626bc03e24f779434178a73a0b4bad62ed
265140,-173607360842.0,3.782297697253269e+16,1733511601,262425,0xcbcdf9626bc03e24f779434178a73a0b4bad62ed
265200,-980750367357447.0,3.684222660517524e+16,1733511601,262425,0xcbcdf9626bc03e24f779434178a73a0b4bad62ed
265260,-3727759110273487.0,3.3114467494901756e+16,1733511601,262425,0xcbcdf9626bc03e24f779434178a73a0b4bad62ed
265320,-3863951172062396.0,2.925051632283936e+16,1733511601,262425,0xcbcdf9626bc03e24f779434178a73a0b4bad62ed
265380,-49088470876731.0,2.9201427851962628e+16,1733511601,262425,0xcbcdf9626bc03e24f779434178a73a0b4bad62ed
265440,-1005684188649995.0,2.819574366331263e+16,1733511601,262425,0xcbcdf9626bc03e24f779434178a73a0b4bad62ed
265500,-904604301726717.0,2.7291139361585916e+16,1733511601,262425,0xcbcdf9626bc03e24f779434178a73a0b4bad62ed
265560,-516974127960084.0,2.677416523362583e+16,1733511601,262425,0xcbcdf9626bc03e24f779434178a73a0b4bad62ed
265620,-24944448820138.0,2.6749220784805696e+16,1733511601,262425,0xcbcdf9626bc03e24f779434178a73a0b4bad62ed
265680,-1798314257822284.0,2.495090652698341e+16,1733511601,262425,0xcbcdf9626bc03e24f779434178a73a0b4bad62ed
265740,-113433769661231.0,2.483747275732218e+16,1733511601,262425,0xcbcdf9626bc03e24f779434178a73a0b4bad62ed
265800,-577386690949472.0,2.4260086066372708e+16,1733511601,262425,0xcbcdf9626bc03e24f779434178a73a0b4bad62ed
265860,-272862648673203.0,2.3987223417699504e+16,1733511601,262425,0xcbcdf9626bc03e24f779434178a73a0b4bad62ed
265920,-123324877315829.0,2.3863898540383676e+16,1733511601,262425,0xcbcdf9626bc03e24f779434178a73a0b4bad62ed
265980,-137892477572760.0,2.3726006062810916e+16,1733511601,262425,0xcbcdf9626bc03e24f779434178a73a0b4bad62ed
266040,-966373820085453.0,2.2759632242725464e+16,1733511601,262425,0xcbcdf9626bc03e24f779434178a73a0b4bad62ed
266100,-4522255476923326.0,1.8237376765802136e+16,1733511601,262425,0xcbcdf9626bc03e24f779434178a73a0b4bad62ed
266160,-61633739445570.0,1.817574302635657e+16,1733511601,262425,0xcbcdf9626bc03e24f779434178a73a0b4bad62ed
266220,-77675417385599.0,1.809806760897097e+16,1733511601,262425,0xcbcdf9626bc03e24f779434178a73a0b4bad62ed
266280,-92737110405673.0,1.8005330498565294e+16,1733511601,262425,0xcbcdf9626bc03e24f779434178a73a0b4bad62ed
266340,-40215843741450.0,1.7965114654823844e+16,1733511601,262425,0xcbcdf9626bc03e24f779434178a73a0b4bad62ed
266400,-1649221584209346.0,1.6315893070614498e+16,1733511601,262425,0xcbcdf9626bc03e24f779434178a73a0b4bad62ed
266460,-2830544483442032.0,1.3485348587172466e+16,1733511601,262425,0xcbcdf9626bc03e24f779434178a73a0b4bad62ed
266520,-409585458322515.0,1.3075763128849952e+16,1733511601,262425,0xcbcdf9626bc03e24f779434178a73a0b4bad62ed
266580,-225147205679898.0,1.2850615923170052e+16,1733511601,262425,0xcbcdf9626bc03e24f779434178a73a0b4bad62ed
266640,-185383582263456.0,1.2665232340906596e+16,1733511601,262425,0xcbcdf9626bc03e24f779434178a73a0b4bad62ed
266700,-9314297364941.0,1.2655918043541656e+16,1733511601,262425,0xcbcdf9626bc03e24f779434178a73a0b4bad62ed
266760,-10215734284998.0,1.2645702309256658e+16,1733511601,262425,0xcbcdf9626bc03e24f779434178a73a0b4bad62ed
266820,-57062614605690.0,1.2588639694650968e+16,1733511601,262425,0xcbcdf9626bc03e24f779434178a73a0b4bad62ed
266880,-29024435533499.0,1.2559615259117468e+16,1733511601,262425,0xcbcdf9626bc03e24f779434178a73a0b4bad62ed
266940,-1697074161.0,1.2559613562043308e+16,1733511601,262425,0xcbcdf9626bc03e24f779434178a73a0b4bad62ed
267000,-18611958918331.0,1.2541001603124976e+16,1733511601,262425,0xcbcdf9626bc03e24f779434178a73a0b4bad62ed
267060,-89017272506467.0,1.245198433061851e+16,1733511601,262425,0xcbcdf9626bc03e24f779434178a73a0b4bad62ed
267120,-84586411439866.0,1.2367397919178644e+16,1733511601,262425,0xcbcdf9626bc03e24f779434178a73a0b4bad62ed
267180,-2670434136694341.0,9696963782484304.0,1733511601,262425,0xcbcdf9626bc03e24f779434178a73a0b4bad62ed
267240,-199595856491087.0,9497367925993216.0,1733511601,262425,0xcbcdf9626bc03e24f779434178a73a0b4bad62ed
267300,-15089075959327.0,9482278850033888.0,1733511601,262425,0xcbcdf9626bc03e24f779434178a73a0b4bad62ed
267360,-260348565173864.0,9221930284860024.0,1733511601,262425,0xcbcdf9626bc03e24f779434178a73a0b4bad62ed
267420,-1243872893612.0,9220686411966412.0,1733511601,262425,0xcbcdf9626bc03e24f779434178a73a0b4bad62ed
267480,-36794146112494.0,9183892265853920.0,1733511601,262425,0xcbcdf9626bc03e24f779434178a73a0b4bad62ed
267540,-425067676588.0,9183467198177332.0,1733511601,262425,0xcbcdf9626bc03e24f779434178a73a0b4bad62ed
267600,-1858912418352.0,9181608285758980.0,1733511601,262425,0xcbcdf9626bc03e24f779434178a73a0b4bad62ed
267660,-2534150154618.0,9179074135604360.0,1733511601,262425,0xcbcdf9626bc03e24f779434178a73a0b4bad62ed
267720,-1445829043677.0,9177628306560684.0,1733511601,262425,0xcbcdf9626bc03e24f779434178a73a0b4bad62ed
267780,0.0,9177628306560684.0,1733511601,262425,0xcbcdf9626bc03e24f779434178a73a0b4bad62ed
267840,0.0,9177628306560684.0,1733511601,262425,0xcbcdf9626bc03e24f779434178a73a0b4bad62ed
267900,-1389921624627.0,9176238384936056.0,1733511601,262425,0xcbcdf9626bc03e24f779434178a73a0b4bad62ed
267960,-534852264626.0,9175703532671432.0,1733511601,262425,0xcbcdf9626bc03e24f779434178a73a0b4bad62ed
268020,0.0,9175703532671432.0,1733511601,262425,0xcbcdf9626bc03e24f779434178a73a0b4bad62ed
268080,0.0,9175703532671432.0,1733511601,262425,0xcbcdf9626bc03e24f779434178a73a0b4bad62ed
268140,-20448157369812.0,9155255375301620.0,1733511601,262425,0xcbcdf9626bc03e24f779434178a73a0b4bad62ed
268200,-5180800153281.0,9150074575148338.0,1733511601,262425,0xcbcdf9626bc03e24f779434178a73a0b4bad62ed
268260,-44676789332769.0,9105397785815568.0,1733511601,262425,0xcbcdf9626bc03e24f779434178a73a0b4bad62ed
268320,-18510069971033.0,9086887715844536.0,1733511601,262425,0xcbcdf9626bc03e24f779434178a73a0b4bad62ed
268380,0.0,9086887715844536.0,1733511601,262425,0xcbcdf9626bc03e24f779434178a73a0b4bad62ed
268440,-394823862729.0,9086492891981808.0,1733511601,262425,0xcbcdf9626bc03e24f779434178a73a0b4bad62ed
268500,0.0,9086492891981808.0,1733511601,262425,0xcbcdf9626bc03e24f779434178a73a0b4bad62ed
268560,-4009932523596.0,9082482959458212.0,1733511601,262425,0xcbcdf9626bc03e24f779434178a73a0b4bad62ed
268620,-59057144524343.0,9023425814933868.0,1733511601,262425,0xcbcdf9626bc03e24f779434178a73a0b4bad62ed
268680,-34655541716254.0,8988770273217614.0,1733511601,262425,0xcbcdf9626bc03e24f779434178a73a0b4bad62ed
268740,-79716063500144.0,8909054209717470.0,1733511601,262425,0xcbcdf9626bc03e24f779434178a73a0b4bad62ed
268800,-3227838820316.0,8905826370897154.0,1733511601,262425,0xcbcdf9626bc03e24f779434178a73a0b4bad62ed
268860,-77145206372.0,8905749225690782.0,1733511601,262425,0xcbcdf9626bc03e24f779434178a73a0b4bad62ed
268920,-315156002244.0,8905434069688538.0,1733511601,262425,0xcbcdf9626bc03e24f779434178a73a0b4bad62ed
268980,0.0,8905434069688538.0,1733511601,262425,0xcbcdf9626bc03e24f779434178a73a0b4bad62ed
269040,-63521396850944.0,8841912672837594.0,1733511601,262425,0xcbcdf9626bc03e24f779434178a73a0b4bad62ed
269100,-861696294888.0,8841050976542706.0,1733511601,262425,0xcbcdf9626bc03e24f779434178a73a0b4bad62ed
269160,-134304562696020.0,8706746413846686.0,1733511601,262425,0xcbcdf9626bc03e24f779434178a73a0b4bad62ed
269220,-116527715610.0,8706629886131076.0,1733511601,262425,0xcbcdf9626bc03e24f779434178a73a0b4bad62ed
269280,-4856577397476.0,8701773308733600.0,1733511601,262425,0xcbcdf9626bc03e24f779434178a73a0b4bad62ed
269340,-144207198050976.0,8557566110682624.0,1733511601,262425,0xcbcdf9626bc03e24f779434178a73a0b4bad62ed
269400,-255087591530195.0,8302478519152429.0,1733511601,262425,0xcbcdf9626bc03e24f779434178a73a0b4bad62ed
269460,-6778569722.0,8302471740582707.0,1733511601,262425,0xcbcdf9626bc03e24f779434178a73a0b4bad62ed
269520,-85986817909.0,8302385753764798.0,1733511601,262425,0xcbcdf9626bc03e24f779434178a73a0b4bad62ed
269580,-347279548682.0,8302038474216116.0,1733511601,262425,0xcbcdf9626bc03e24f779434178a73a0b4bad62ed
269640,-118771237449209.0,8183267236766907.0,1733511601,262425,0xcbcdf9626bc03e24f779434178a73a0b4bad62ed
269700,-1511344493877.0,8181755892273030.0,1733511601,262425,0xcbcdf9626bc03e24f779434178a73a0b4bad62ed
269760,0.0,8181755892273030.0,1733511601,262425,0xcbcdf9626bc03e24f779434178a73a0b4bad62ed
269820,-15193993316503.0,8166561898956527.0,1733511601,262425,0xcbcdf9626bc03e24f779434178a73a0b4bad62ed
269880,-407796311478534.0,7758765587477993.0,1733511601,262425,0xcbcdf9626bc03e24f779434178a73a0b4bad62ed
269940,-102569633441253.0,7656195954036740.0,1733511601,262425,0xcbcdf9626bc03e24f779434178a73a0b4bad62ed
270000,-871668033263.0,7655324286003477.0,1733511601,262425,0xcbcdf9626bc03e24f779434178a73a0b4bad62ed
270060,-55072131154296.0,7600252154849181.0,1733511601,262425,0xcbcdf9626bc03e24f779434178a73a0b4bad62ed
270120,-1116758953053.0,7599135395896128.0,1733511601,262425,0xcbcdf9626bc03e24f779434178a73a0b4bad62ed
270180,-977017524575929.0,6622117871320199.0,1733511601,262425,0xcbcdf9626bc03e24f779434178a73a0b4bad62ed
270240,-2126750536938.0,6619991120783261.0,1733511601,262425,0xcbcdf9626bc03e24f779434178a73a0b4bad62ed
270300,-8755234752040.0,6611235886031221.0,1733511601,262425,0xcbcdf9626bc03e24f779434178a73a0b4bad62ed
270360,0.0,6611235886031221.0,1733511601,262425,0xcbcdf9626bc03e24f779434178a73a0b4bad62ed
270420,-12200343810576.0,6599035542220645.0,1733511601,262425,0xcbcdf9626bc03e24f779434178a73a0b4bad62ed
270480,-96527190272424.0,6502508351948221.0,1733511601,262425,0xcbcdf9626bc03e24f779434178a73a0b4bad62ed
270540,-3452480860120.0,6499055871088101.0,1733511601,262425,0xcbcdf9626bc03e24f779434178a73a0b4bad62ed
270600,-1720821118978.0,6497335049969123.0,1733511601,262425,0xcbcdf9626bc03e24f779434178a73a0b4bad62ed
270660,-86560084159311.0,6410774965809812.0,1733511601,262425,0xcbcdf9626bc03e24f779434178a73a0b4bad62ed
270720,-127954017181.0,6410647011792631.0,1733511601,262425,0xcbcdf9626bc03e24f779434178a73a0b4bad62ed
270780,0.0,6410647011792631.0,1733511601,262425,0xcbcdf9626bc03e24f779434178a73a0b4bad62ed
270840,-2027255736251.0,6408619756056380.0,1733511601,262425,0xcbcdf9626bc03e24f779434178a73a0b4bad62ed
270900,-5631050005896749.0,777569750159631.0,1733511601,262425,0xcbcdf9626bc03e24f779434178a73a0b4bad62ed
270960,-3487973060834.0,774081777098797.0,1733511601,262425,0xcbcdf9626bc03e24f779434178a73a0b4bad62ed
271020,0.0,774081777098797.0,1733511601,262425,0xcbcdf9626bc03e24f779434178a73a0b4bad62ed
271080,-8905887859203.0,765175889239594.0,1733511601,262425,0xcbcdf9626bc03e24f779434178a73a0b4bad62ed
271140,-93645188457.0,765082244051137.0,1733511601,262425,0xcbcdf9626bc03e24f779434178a73a0b4bad62ed
271200,0.0,765082244051137.0,1733511601,262425,0xcbcdf9626bc03e24f779434178a73a0b4bad62ed
271260,0.0,765082244051137.0,1733511601,262425,0xcbcdf9626bc03e24f779434178a73a0b4bad62ed
271320,-21828351365.0,765060415699772.0,1733511601,262425,0xcbcdf9626bc03e24f779434178a73a0b4bad62ed
271380,0.0,765060415699772.0,1733511601,262425,0xcbcdf9626bc03e24f779434178a73a0b4bad62ed
271440,0.0,765060415699772.0,1733511601,262425,0xcbcdf9626bc03e24f779434178a73a0b4bad62ed
271500,-7387510370926.0,757672905328846.0,1733511601,262425,0xcbcdf9626bc03e24f779434178a73a0b4bad62ed
271560,-112108854815415.0,645564050513431.0,1733511601,262425,0xcbcdf9626bc03e24f779434178a73a0b4bad62ed
271620,-47236020276923.0,598328030236508.0,1733511601,262425,0xcbcdf9626bc03e24f779434178a73a0b4bad62ed
271680,-6060018180622.0,592268012055886.0,1733511601,262425,0xcbcdf9626bc03e24f779434178a73a0b4bad62ed
271800,0.0,592268012055886.0,1733511601,262425,0xcbcdf9626bc03e24f779434178a73a0b4bad62ed
271860,0.0,592268012055886.0,1733511601,262425,0xcbcdf9626bc03e24f779434178a73a0b4bad62ed
271920,0.0,592268012055886.0,1733511601,262425,0xcbcdf9626bc03e24f779434178a73a0b4bad62ed
272220,0.0,592268012055886.0,1733511601,262425,0xcbcdf9626bc03e24f779434178a73a0b4bad62ed
272280,-4538579708481.0,587729432347405.0,1733511601,262425,0xcbcdf9626bc03e24f779434178a73a0b4bad62ed
272340,0.0,587729432347405.0,1733511601,262425,0xcbcdf9626bc03e24f779434178a73a0b4bad62ed
272400,0.0,587729432347405.0,1733511601,262425,0xcbcdf9626bc03e24f779434178a73a0b4bad62ed
272460,0.0,587729432347405.0,1733511601,262425,0xcbcdf9626bc03e24f779434178a73a0b4bad62ed
272520,0.0,587729432347405.0,1733511601,262425,0xcbcdf9626bc03e24f779434178a73a0b4bad62ed
272580,-692928641170.0,587036503706235.0,1733511601,262425,0xcbcdf9626bc03e24f779434178a73a0b4bad62ed
272760,-15186459912781.0,571850043793454.0,1733511601,262425,0xcbcdf9626bc03e24f779434178a73a0b4bad62ed
272820,-128102359085.0,571721941434369.0,1733511601,262425,0xcbcdf9626bc03e24f779434178a73a0b4bad62ed
272940,0.0,571721941434369.0,1733511601,262425,0xcbcdf9626bc03e24f779434178a73a0b4bad62ed
273120,0.0,571721941434369.0,1733511601,262425,0xcbcdf9626bc03e24f779434178a73a0b4bad62ed
273180,-1566304068670.0,570155637365699.0,1733511601,262425,0xcbcdf9626bc03e24f779434178a73a0b4bad62ed
273240,0.0,570155637365699.0,1733511601,262425,0xcbcdf9626bc03e24f779434178a73a0b4bad62ed
273300,0.0,570155637365699.0,1733511601,262425,0xcbcdf9626bc03e24f779434178a73a0b4bad62ed
273600,0.0,570155637365699.0,1733511601,262425,0xcbcdf9626bc03e24f779434178a73a0b4bad62ed
273720,0.0,570155637365699.0,1733511601,262425,0xcbcdf9626bc03e24f779434178a73a0b4bad62ed
273840,0.0,570155637365699.0,1733511601,262425,0xcbcdf9626bc03e24f779434178a73a0b4bad62ed
274200,-931737671806.0,569223899693893.0,1733511601,262425,0xcbcdf9626bc03e24f779434178a73a0b4bad62ed
274500,0.0,569223899693893.0,1733511601,262425,0xcbcdf9626bc03e24f779434178a73a0b4bad62ed
274740,0.0,569223899693893.0,1733511601,262425,0xcbcdf9626bc03e24f779434178a73a0b4bad62ed
275220,0.0,569223899693893.0,1733511601,262425,0xcbcdf9626bc03e24f779434178a73a0b4bad62ed
275640,0.0,569223899693893.0,1733511601,262425,0xcbcdf9626bc03e24f779434178a73a0b4bad62ed
275760,0.0,569223899693893.0,1733511601,262425,0xcbcdf9626bc03e24f779434178a73a0b4bad62ed
275820,0.0,569223899693893.0,1733511601,262425,0xcbcdf9626bc03e24f779434178a73a0b4bad62ed
276000,0.0,569223899693893.0,1733511601,262425,0xcbcdf9626bc03e24f779434178a73a0b4bad62ed
276180,0.0,569223899693893.0,1733511601,262425,0xcbcdf9626bc03e24f779434178a73a0b4bad62ed
276300,-28452297036684.0,540771602657209.0,1733511601,262425,0xcbcdf9626bc03e24f779434178a73a0b4bad62ed
276360,0.0,540771602657209.0,1733511601,262425,0xcbcdf9626bc03e24f779434178a73a0b4bad62ed
276420,-19063099765268.0,521708502891941.0,1733511601,262425,0xcbcdf9626bc03e24f779434178a73a0b4bad62ed
276720,0.0,521708502891941.0,1733511601,262425,0xcbcdf9626bc03e24f779434178a73a0b4bad62ed
277020,0.0,521708502891941.0,1733511601,262425,0xcbcdf9626bc03e24f779434178a73a0b4bad62ed
277500,0.0,521708502891941.0,1733511601,262425,0xcbcdf9626bc03e24f779434178a73a0b4bad62ed
277800,0.0,521708502891941.0,1733511601,262425,0xcbcdf9626bc03e24f779434178a73a0b4bad62ed
277980,0.0,521708502891941.0,1733511601,262425,0xcbcdf9626bc03e24f779434178a73a0b4bad62ed
278160,0.0,521708502891941.0,1733511601,262425,0xcbcdf9626bc03e24f779434178a73a0b4bad62ed
278880,0.0,521708502891941.0,1733511601,262425,0xcbcdf9626bc03e24f779434178a73a0b4bad62ed
278940,-5164088638751.0,516544414253190.0,1733511601,262425,0xcbcdf9626bc03e24f779434178a73a0b4bad62ed
279180,0.0,516544414253190.0,1733511601,262425,0xcbcdf9626bc03e24f779434178a73a0b4bad62ed
279420,0.0,516544414253190.0,1733511601,262425,0xcbcdf9626bc03e24f779434178a73a0b4bad62ed
279900,0.0,516544414253190.0,1733511601,262425,0xcbcdf9626bc03e24f779434178a73a0b4bad62ed
280080,0.0,516544414253190.0,1733511601,262425,0xcbcdf9626bc03e24f779434178a73a0b4bad62ed
280320,0.0,516544414253190.0,1733511601,262425,0xcbcdf9626bc03e24f779434178a73a0b4bad62ed
280380,0.0,516544414253190.0,1733511601,262425,0xcbcdf9626bc03e24f779434178a73a0b4bad62ed
280500,0.0,516544414253190.0,1733511601,262425,0xcbcdf9626bc03e24f779434178a73a0b4bad62ed
281040,0.0,516544414253190.0,1733511601,262425,0xcbcdf9626bc03e24f779434178a73a0b4bad62ed
281220,-30685899577909.0,485858514675281.0,1733511601,262425,0xcbcdf9626bc03e24f779434178a73a0b4bad62ed
281760,0.0,485858514675281.0,1733511601,262425,0xcbcdf9626bc03e24f779434178a73a0b4bad62ed
282180,-2366835767353.0,483491678907928.0,1733511601,262425,0xcbcdf9626bc03e24f779434178a73a0b4bad62ed
282960,0.0,483491678907928.0,1733511601,262425,0xcbcdf9626bc03e24f779434178a73a0b4bad62ed
283080,0.0,483491678907928.0,1733511601,262425,0xcbcdf9626bc03e24f779434178a73a0b4bad62ed
283260,-3997348944906.0,479494329963022.0,1733511601,262425,0xcbcdf9626bc03e24f779434178a73a0b4bad62ed
283800,-1410203189999.0,478084126773023.0,1733511601,262425,0xcbcdf9626bc03e24f779434178a73a0b4bad62ed
284100,0.0,478084126773023.0,1733511601,262425,0xcbcdf9626bc03e24f779434178a73a0b4bad62ed
285060,0.0,478084126773023.0,1733511601,262425,0xcbcdf9626bc03e24f779434178a73a0b4bad62ed
285480,0.0,478084126773023.0,1733511601,262425,0xcbcdf9626bc03e24f779434178a73a0b4bad62ed
286200,0.0,478084126773023.0,1733511601,262425,0xcbcdf9626bc03e24f779434178a73a0b4bad62ed
289920,0.0,478084126773023.0,1733511601,262425,0xcbcdf9626bc03e24f779434178a73a0b4bad62ed
292380,0.0,478084126773023.0,1733511601,262425,0xcbcdf9626bc03e24f779434178a73a0b4bad62ed
292440,0.0,478084126773023.0,1733511601,262425,0xcbcdf9626bc03e24f779434178a73a0b4bad62ed
292740,0.0,478084126773023.0,1733511601,262425,0xcbcdf9626bc03e24f779434178a73a0b4bad62ed
292800,0.0,478084126773023.0,1733511601,262425,0xcbcdf9626bc03e24f779434178a73a0b4bad62ed
294600,-6766124667.0,478077360648356.0,1733511601,262425,0xcbcdf9626bc03e24f779434178a73a0b4bad62ed
295620,0.0,478077360648356.0,1733511601,262425,0xcbcdf9626bc03e24f779434178a73a0b4bad62ed
296460,0.0,478077360648356.0,1733511601,262425,0xcbcdf9626bc03e24f779434178a73a0b4bad62ed
299340,0.0,478077360648356.0,1733511601,262425,0xcbcdf9626bc03e24f779434178a73a0b4bad62ed
299400,0.0,478077360648356.0,1733511601,262425,0xcbcdf9626bc03e24f779434178a73a0b4bad62ed
301200,0.0,478077360648356.0,1733511601,262425,0xcbcdf9626bc03e24f779434178a73a0b4bad62ed
302880,0.0,478077360648356.0,1733511601,262425,0xcbcdf9626bc03e24f779434178a73a0b4bad62ed
304440,0.0,478077360648356.0,1733511601,262425,0xcbcdf9626bc03e24f779434178a73a0b4bad62ed
309660,0.0,478077360648356.0,1733511601,262425,0xcbcdf9626bc03e24f779434178a73a0b4bad62ed
311580,0.0,478077360648356.0,1733511601,262425,0xcbcdf9626bc03e24f779434178a73a0b4bad62ed
319140,0.0,478077360648356.0,1733511601,262425,0xcbcdf9626bc03e24f779434178a73a0b4bad62ed
322380,0.0,478077360648356.0,1733511601,262425,0xcbcdf9626bc03e24f779434178a73a0b4bad62ed
326460,0.0,478077360648356.0,1733511601,262425,0xcbcdf9626bc03e24f779434178a73a0b4bad62ed
327660,0.0,478077360648356.0,1733511601,262425,0xcbcdf9626bc03e24f779434178a73a0b4bad62ed
329340,0.0,478077360648356.0,1733511601,262425,0xcbcdf9626bc03e24f779434178a73a0b4bad62ed
329460,0.0,478077360648356.0,1733511601,262425,0xcbcdf9626bc03e24f779434178a73a0b4bad62ed
336240,0.0,478077360648356.0,1733511601,262425,0xcbcdf9626bc03e24f779434178a73a0b4bad62ed
340320,0.0,478077360648356.0,1733511601,262425,0xcbcdf9626bc03e24f779434178a73a0b4bad62ed
368220,0.0,478077360648356.0,1733511601,262425,0xcbcdf9626bc03e24f779434178a73a0b4bad62ed
368460,-1068193846995.0,477009166801361.0,1733511601,262425,0xcbcdf9626bc03e24f779434178a73a0b4bad62ed
368700,0.0,477009166801361.0,1733511601,262425,0xcbcdf9626bc03e24f779434178a73a0b4bad62ed
368880,0.0,477009166801361.0,1733511601,262425,0xcbcdf9626bc03e24f779434178a73a0b4bad62ed
390720,-17251205334.0,476991915596027.0,1733511601,262425,0xcbcdf9626bc03e24f779434178a73a0b4bad62ed
391440,-456406095307.0,476535509500720.0,1733511601,262425,0xcbcdf9626bc03e24f779434178a73a0b4bad62ed
398160,0.0,476535509500720.0,1733511601,262425,0xcbcdf9626bc03e24f779434178a73a0b4bad62ed
437520,-10943161472679.0,465592348028041.0,1733511601,262425,0xcbcdf9626bc03e24f779434178a73a0b4bad62ed
510060,0.0,465592348028041.0,1733511601,262425,0xcbcdf9626bc03e24f779434178a73a0b4bad62ed
591360,0.0,465592348028041.0,1733511601,262425,0xcbcdf9626bc03e24f779434178a73a0b4bad62ed
887220,-465592348028041.0,0.0,1733511601,262425,0xcbcdf9626bc03e24f779434178a73a0b4bad62ed
