tickIdx,liquidityNet,timestamp,current_tick,pool_id,cumulative_liquidity
-887220,548382457242465.0,1733607001,262403,0xcbcdf9626bc03e24f779434178a73a0b4bad62ed,548382457242465.0
-887160,0.0,1733607001,262403,0xcbcdf9626bc03e24f779434178a73a0b4bad62ed,548382457242465.0
-92100,456406095307.0,1733607001,262403,0xcbcdf9626bc03e24f779434178a73a0b4bad62ed,548838863337772.0
0,10943161472679.0,1733607001,262403,0xcbcdf9626bc03e24f779434178a73a0b4bad62ed,559782024810451.0
92040,1620915153.0,1733607001,262403,0xcbcdf9626bc03e24f779434178a73a0b4bad62ed,559783645725604.0
92100,3355682144151.0,1733607001,262403,0xcbcdf9626bc03e24f779434178a73a0b4bad62ed,563139327869755.0
114060,0.0,1733607001,262403,0xcbcdf9626bc03e24f779434178a73a0b4bad62ed,563139327869755.0
115860,556573869747.0,1733607001,262403,0xcbcdf9626bc03e24f779434178a73a0b4bad62ed,563695901739502.0
130260,17251205334.0,1733607001,262403,0xcbcdf9626bc03e24f779434178a73a0b4bad62ed,563713152944836.0
139200,-556573869747.0,1733607001,262403,0xcbcdf9626bc03e24f779434178a73a0b4bad62ed,563156579075089.0
145080,0.0,1733607001,262403,0xcbcdf9626bc03e24f779434178a73a0b4bad62ed,563156579075089.0
145140,0.0,1733607001,262403,0xcbcdf9626bc03e24f779434178a73a0b4bad62ed,563156579075089.0
151800,0.0,1733607001,262403,0xcbcdf9626bc03e24f779434178a73a0b4bad62ed,563156579075089.0
152640,40166358066529.0,1733607001,262403,0xcbcdf9626bc03e24f779434178a73a0b4bad62ed,603322937141618.0
152880,-40166358066529.0,1733607001,262403,0xcbcdf9626bc03e24f779434178a73a0b4bad62ed,563156579075089.0
153360,155684471699734.0,1733607001,262403,0xcbcdf9626bc03e24f779434178a73a0b4bad62ed,718841050774823.0
153420,-155684471699734.0,1733607001,262403,0xcbcdf9626bc03e24f779434178a73a0b4bad62ed,563156579075089.0
153780,0.0,1733607001,262403,0xcbcdf9626bc03e24f779434178a73a0b4bad62ed,563156579075089.0
154020,0.0,1733607001,262403,0xcbcdf9626bc03e24f779434178a73a0b4bad62ed,563156579075089.0
154260,0.0,1733607001,262403,0xcbcdf9626bc03e24f779434178a73a0b4bad62ed,563156579075089.0
159000,0.0,1733607001,262403,0xcbcdf9626bc03e24f779434178a73a0b4bad62ed,563156579075089.0
161160,0.0,1733607001,262403,0xcbcdf9626bc03e24f779434178a73a0b4bad62ed,563156579075089.0
161220,0.0,1733607001,262403,0xcbcdf9626bc03e24f779434178a73a0b4bad62ed,563156579075089.0
168600,0.0,1733607001,262403,0xcbcdf9626bc03e24f779434178a73a0b4bad62ed,563156579075089.0
176220,358354299830.0,1733607001,262403,0xcbcdf9626bc03e24f779434178a73a0b4bad62ed,563514933374919.0
180900,0.0,1733607001,262403,0xcbcdf9626bc03e24f779434178a73a0b4bad62ed,563514933374919.0
183180,-358354299830.0,1733607001,262403,0xcbcdf9626bc03e24f779434178a73a0b4bad62ed,563156579075089.0
184200,20645495131032.0,1733607001,262403,0xcbcdf9626bc03e24f779434178a73a0b4bad62ed,583802074206121.0
191160,0.0,1733607001,262403,0xcbcdf9626bc03e24f779434178a73a0b4bad62ed,583802074206121.0
192900,0.0,1733607001,262403,0xcbcdf9626bc03e24f779434178a73a0b4bad62ed,583802074206121.0
195180,0.0,1733607001,262403,0xcbcdf9626bc03e24f779434178a73a0b4bad62ed,583802074206121.0
195300,0.0,1733607001,262403,0xcbcdf9626bc03e24f779434178a73a0b4bad62ed,583802074206121.0
195660,0.0,1733607001,262403,0xcbcdf9626bc03e24f779434178a73a0b4bad62ed,583802074206121.0
196080,0.0,1733607001,262403,0xcbcdf9626bc03e24f779434178a73a0b4bad62ed,583802074206121.0
196800,0.0,1733607001,262403,0xcbcdf9626bc03e24f779434178a73a0b4bad62ed,583802074206121.0
197220,0.0,1733607001,262403,0xcbcdf9626bc03e24f779434178a73a0b4bad62ed,583802074206121.0
197640,0.0,1733607001,262403,0xcbcdf9626bc03e24f779434178a73a0b4bad62ed,583802074206121.0
197820,0.0,1733607001,262403,0xcbcdf9626bc03e24f779434178a73a0b4bad62ed,583802074206121.0
198900,0.0,1733607001,262403,0xcbcdf9626bc03e24f779434178a73a0b4bad62ed,583802074206121.0
199020,0.0,1733607001,262403,0xcbcdf9626bc03e24f779434178a73a0b4bad62ed,583802074206121.0
199260,0.0,1733607001,262403,0xcbcdf9626bc03e24f779434178a73a0b4bad62ed,583802074206121.0
199860,0.0,1733607001,262403,0xcbcdf9626bc03e24f779434178a73a0b4bad62ed,583802074206121.0
200280,0.0,1733607001,262403,0xcbcdf9626bc03e24f779434178a73a0b4bad62ed,583802074206121.0
200340,0.0,1733607001,262403,0xcbcdf9626bc03e24f779434178a73a0b4bad62ed,583802074206121.0
200700,0.0,1733607001,262403,0xcbcdf9626bc03e24f779434178a73a0b4bad62ed,583802074206121.0
201300,0.0,1733607001,262403,0xcbcdf9626bc03e24f779434178a73a0b4bad62ed,583802074206121.0
202140,0.0,1733607001,262403,0xcbcdf9626bc03e24f779434178a73a0b4bad62ed,583802074206121.0
203040,0.0,1733607001,262403,0xcbcdf9626bc03e24f779434178a73a0b4bad62ed,583802074206121.0
203280,0.0,1733607001,262403,0xcbcdf9626bc03e24f779434178a73a0b4bad62ed,583802074206121.0
203700,0.0,1733607001,262403,0xcbcdf9626bc03e24f779434178a73a0b4bad62ed,583802074206121.0
203820,0.0,1733607001,262403,0xcbcdf9626bc03e24f779434178a73a0b4bad62ed,583802074206121.0
204000,0.0,1733607001,262403,0xcbcdf9626bc03e24f779434178a73a0b4bad62ed,583802074206121.0
204780,0.0,1733607001,262403,0xcbcdf9626bc03e24f779434178a73a0b4bad62ed,583802074206121.0
205260,0.0,1733607001,262403,0xcbcdf9626bc03e24f779434178a73a0b4bad62ed,583802074206121.0
206580,54402074932.0,1733607001,262403,0xcbcdf9626bc03e24f779434178a73a0b4bad62ed,583856476281053.0
206640,-54402074932.0,1733607001,262403,0xcbcdf9626bc03e24f779434178a73a0b4bad62ed,583802074206121.0
207240,0.0,1733607001,262403,0xcbcdf9626bc03e24f779434178a73a0b4bad62ed,583802074206121.0
207720,0.0,1733607001,262403,0xcbcdf9626bc03e24f779434178a73a0b4bad62ed,583802074206121.0
209160,0.0,1733607001,262403,0xcbcdf9626bc03e24f779434178a73a0b4bad62ed,583802074206121.0
210600,0.0,1733607001,262403,0xcbcdf9626bc03e24f779434178a73a0b4bad62ed,583802074206121.0
211080,0.0,1733607001,262403,0xcbcdf9626bc03e24f779434178a73a0b4bad62ed,583802074206121.0
211320,0.0,1733607001,262403,0xcbcdf9626bc03e24f779434178a73a0b4bad62ed,583802074206121.0
211980,0.0,1733607001,262403,0xcbcdf9626bc03e24f779434178a73a0b4bad62ed,583802074206121.0
214200,0.0,1733607001,262403,0xcbcdf9626bc03e24f779434178a73a0b4bad62ed,583802074206121.0
214920,31454785349939.0,1733607001,262403,0xcbcdf9626bc03e24f779434178a73a0b4bad62ed,615256859556060.0
216420,3151604679224.0,1733607001,262403,0xcbcdf9626bc03e24f779434178a73a0b4bad62ed,618408464235284.0
217260,0.0,1733607001,262403,0xcbcdf9626bc03e24f779434178a73a0b4bad62ed,618408464235284.0
217740,-31454785349939.0,1733607001,262403,0xcbcdf9626bc03e24f779434178a73a0b4bad62ed,586953678885345.0
221040,0.0,1733607001,262403,0xcbcdf9626bc03e24f779434178a73a0b4bad62ed,586953678885345.0
221100,0.0,1733607001,262403,0xcbcdf9626bc03e24f779434178a73a0b4bad62ed,586953678885345.0
223320,340095002.0,1733607001,262403,0xcbcdf9626bc03e24f779434178a73a0b4bad62ed,586954018980347.0
223680,0.0,1733607001,262403,0xcbcdf9626bc03e24f779434178a73a0b4bad62ed,586954018980347.0
225180,0.0,1733607001,262403,0xcbcdf9626bc03e24f779434178a73a0b4bad62ed,586954018980347.0
225540,0.0,1733607001,262403,0xcbcdf9626bc03e24f779434178a73a0b4bad62ed,586954018980347.0
225780,0.0,1733607001,262403,0xcbcdf9626bc03e24f779434178a73a0b4bad62ed,586954018980347.0
226200,0.0,1733607001,262403,0xcbcdf9626bc03e24f779434178a73a0b4bad62ed,586954018980347.0
226680,0.0,1733607001,262403,0xcbcdf9626bc03e24f779434178a73a0b4bad62ed,586954018980347.0
227640,0.0,1733607001,262403,0xcbcdf9626bc03e24f779434178a73a0b4bad62ed,586954018980347.0
228540,0.0,1733607001,262403,0xcbcdf9626bc03e24f779434178a73a0b4bad62ed,586954018980347.0
229260,0.0,1733607001,262403,0xcbcdf9626bc03e24f779434178a73a0b4bad62ed,586954018980347.0
230100,0.0,1733607001,262403,0xcbcdf9626bc03e24f779434178a73a0b4bad62ed,586954018980347.0
230160,1670921212240.0,1733607001,262403,0xcbcdf9626bc03e24f779434178a73a0b4bad62ed,588624940192587.0
230220,0.0,1733607001,262403,0xcbcdf9626bc03e24f779434178a73a0b4bad62ed,588624940192587.0
230280,3133366157796.0,1733607001,262403,0xcbcdf9626bc03e24f779434178a73a0b4bad62ed,591758306350383.0
230340,0.0,1733607001,262403,0xcbcdf9626bc03e24f779434178a73a0b4bad62ed,591758306350383.0
230400,0.0,1733607001,262403,0xcbcdf9626bc03e24f779434178a73a0b4bad62ed,591758306350383.0
230580,0.0,1733607001,262403,0xcbcdf9626bc03e24f779434178a73a0b4bad62ed,591758306350383.0
231060,0.0,1733607001,262403,0xcbcdf9626bc03e24f779434178a73a0b4bad62ed,591758306350383.0
231180,10325006026.0,1733607001,262403,0xcbcdf9626bc03e24f779434178a73a0b4bad62ed,591768631356409.0
231240,9636087679.0,1733607001,262403,0xcbcdf9626bc03e24f779434178a73a0b4bad62ed,591778267444088.0
231300,4067292562252.0,1733607001,262403,0xcbcdf9626bc03e24f779434178a73a0b4bad62ed,595845560006340.0
231360,10098305733.0,1733607001,262403,0xcbcdf9626bc03e24f779434178a73a0b4bad62ed,595855658312073.0
231420,105440390087.0,1733607001,262403,0xcbcdf9626bc03e24f779434178a73a0b4bad62ed,595961098702160.0
231480,389377464792.0,1733607001,262403,0xcbcdf9626bc03e24f779434178a73a0b4bad62ed,596350476166952.0
231540,62725860270.0,1733607001,262403,0xcbcdf9626bc03e24f779434178a73a0b4bad62ed,596413202027222.0
231660,0.0,1733607001,262403,0xcbcdf9626bc03e24f779434178a73a0b4bad62ed,596413202027222.0
231780,0.0,1733607001,262403,0xcbcdf9626bc03e24f779434178a73a0b4bad62ed,596413202027222.0
231900,0.0,1733607001,262403,0xcbcdf9626bc03e24f779434178a73a0b4bad62ed,596413202027222.0
231960,0.0,1733607001,262403,0xcbcdf9626bc03e24f779434178a73a0b4bad62ed,596413202027222.0
232080,0.0,1733607001,262403,0xcbcdf9626bc03e24f779434178a73a0b4bad62ed,596413202027222.0
232320,0.0,1733607001,262403,0xcbcdf9626bc03e24f779434178a73a0b4bad62ed,596413202027222.0
232380,0.0,1733607001,262403,0xcbcdf9626bc03e24f779434178a73a0b4bad62ed,596413202027222.0
232440,0.0,1733607001,262403,0xcbcdf9626bc03e24f779434178a73a0b4bad62ed,596413202027222.0
232500,0.0,1733607001,262403,0xcbcdf9626bc03e24f779434178a73a0b4bad62ed,596413202027222.0
232560,0.0,1733607001,262403,0xcbcdf9626bc03e24f779434178a73a0b4bad62ed,596413202027222.0
232920,0.0,1733607001,262403,0xcbcdf9626bc03e24f779434178a73a0b4bad62ed,596413202027222.0
232980,0.0,1733607001,262403,0xcbcdf9626bc03e24f779434178a73a0b4bad62ed,596413202027222.0
233040,0.0,1733607001,262403,0xcbcdf9626bc03e24f779434178a73a0b4bad62ed,596413202027222.0
233100,0.0,1733607001,262403,0xcbcdf9626bc03e24f779434178a73a0b4bad62ed,596413202027222.0
233160,0.0,1733607001,262403,0xcbcdf9626bc03e24f779434178a73a0b4bad62ed,596413202027222.0
233220,0.0,1733607001,262403,0xcbcdf9626bc03e24f779434178a73a0b4bad62ed,596413202027222.0
233280,0.0,1733607001,262403,0xcbcdf9626bc03e24f779434178a73a0b4bad62ed,596413202027222.0
233340,0.0,1733607001,262403,0xcbcdf9626bc03e24f779434178a73a0b4bad62ed,596413202027222.0
233400,0.0,1733607001,262403,0xcbcdf9626bc03e24f779434178a73a0b4bad62ed,596413202027222.0
233640,0.0,1733607001,262403,0xcbcdf9626bc03e24f779434178a73a0b4bad62ed,596413202027222.0
233820,0.0,1733607001,262403,0xcbcdf9626bc03e24f779434178a73a0b4bad62ed,596413202027222.0
234000,0.0,1733607001,262403,0xcbcdf9626bc03e24f779434178a73a0b4bad62ed,596413202027222.0
234060,0.0,1733607001,262403,0xcbcdf9626bc03e24f779434178a73a0b4bad62ed,596413202027222.0
234120,0.0,1733607001,262403,0xcbcdf9626bc03e24f779434178a73a0b4bad62ed,596413202027222.0
234240,0.0,1733607001,262403,0xcbcdf9626bc03e24f779434178a73a0b4bad62ed,596413202027222.0
234300,-379213263309.0,1733607001,262403,0xcbcdf9626bc03e24f779434178a73a0b4bad62ed,596033988763913.0
234660,0.0,1733607001,262403,0xcbcdf9626bc03e24f779434178a73a0b4bad62ed,596033988763913.0
235080,0.0,1733607001,262403,0xcbcdf9626bc03e24f779434178a73a0b4bad62ed,596033988763913.0
235380,0.0,1733607001,262403,0xcbcdf9626bc03e24f779434178a73a0b4bad62ed,596033988763913.0
235440,0.0,1733607001,262403,0xcbcdf9626bc03e24f779434178a73a0b4bad62ed,596033988763913.0
235620,0.0,1733607001,262403,0xcbcdf9626bc03e24f779434178a73a0b4bad62ed,596033988763913.0
235680,0.0,1733607001,262403,0xcbcdf9626bc03e24f779434178a73a0b4bad62ed,596033988763913.0
235740,0.0,1733607001,262403,0xcbcdf9626bc03e24f779434178a73a0b4bad62ed,596033988763913.0
235980,0.0,1733607001,262403,0xcbcdf9626bc03e24f779434178a73a0b4bad62ed,596033988763913.0
236460,0.0,1733607001,262403,0xcbcdf9626bc03e24f779434178a73a0b4bad62ed,596033988763913.0
236820,0.0,1733607001,262403,0xcbcdf9626bc03e24f779434178a73a0b4bad62ed,596033988763913.0
237120,0.0,1733607001,262403,0xcbcdf9626bc03e24f779434178a73a0b4bad62ed,596033988763913.0
237180,469677301440.0,1733607001,262403,0xcbcdf9626bc03e24f779434178a73a0b4bad62ed,596503666065353.0
237300,0.0,1733607001,262403,0xcbcdf9626bc03e24f779434178a73a0b4bad62ed,596503666065353.0
237420,0.0,1733607001,262403,0xcbcdf9626bc03e24f779434178a73a0b4bad62ed,596503666065353.0
237600,0.0,1733607001,262403,0xcbcdf9626bc03e24f779434178a73a0b4bad62ed,596503666065353.0
237720,0.0,1733607001,262403,0xcbcdf9626bc03e24f779434178a73a0b4bad62ed,596503666065353.0
237840,0.0,1733607001,262403,0xcbcdf9626bc03e24f779434178a73a0b4bad62ed,596503666065353.0
238560,0.0,1733607001,262403,0xcbcdf9626bc03e24f779434178a73a0b4bad62ed,596503666065353.0
238740,0.0,1733607001,262403,0xcbcdf9626bc03e24f779434178a73a0b4bad62ed,596503666065353.0
239220,0.0,1733607001,262403,0xcbcdf9626bc03e24f779434178a73a0b4bad62ed,596503666065353.0
239340,0.0,1733607001,262403,0xcbcdf9626bc03e24f779434178a73a0b4bad62ed,596503666065353.0
239400,0.0,1733607001,262403,0xcbcdf9626bc03e24f779434178a73a0b4bad62ed,596503666065353.0
239460,8584538262056.0,1733607001,262403,0xcbcdf9626bc03e24f779434178a73a0b4bad62ed,605088204327409.0
239580,0.0,1733607001,262403,0xcbcdf9626bc03e24f779434178a73a0b4bad62ed,605088204327409.0
239700,0.0,1733607001,262403,0xcbcdf9626bc03e24f779434178a73a0b4bad62ed,605088204327409.0
239760,12015931831256.0,1733607001,262403,0xcbcdf9626bc03e24f779434178a73a0b4bad62ed,617104136158665.0
239880,0.0,1733607001,262403,0xcbcdf9626bc03e24f779434178a73a0b4bad62ed,617104136158665.0
240300,0.0,1733607001,262403,0xcbcdf9626bc03e24f779434178a73a0b4bad62ed,617104136158665.0
240360,0.0,1733607001,262403,0xcbcdf9626bc03e24f779434178a73a0b4bad62ed,617104136158665.0
240420,5857611184796.0,1733607001,262403,0xcbcdf9626bc03e24f779434178a73a0b4bad62ed,622961747343461.0
240720,0.0,1733607001,262403,0xcbcdf9626bc03e24f779434178a73a0b4bad62ed,622961747343461.0
240780,7818819408261.0,1733607001,262403,0xcbcdf9626bc03e24f779434178a73a0b4bad62ed,630780566751722.0
240960,0.0,1733607001,262403,0xcbcdf9626bc03e24f779434178a73a0b4bad62ed,630780566751722.0
241080,0.0,1733607001,262403,0xcbcdf9626bc03e24f779434178a73a0b4bad62ed,630780566751722.0
241140,0.0,1733607001,262403,0xcbcdf9626bc03e24f779434178a73a0b4bad62ed,630780566751722.0
241260,1856215464927.0,1733607001,262403,0xcbcdf9626bc03e24f779434178a73a0b4bad62ed,632636782216649.0
241380,7814421206784.0,1733607001,262403,0xcbcdf9626bc03e24f779434178a73a0b4bad62ed,640451203423433.0
241500,0.0,1733607001,262403,0xcbcdf9626bc03e24f779434178a73a0b4bad62ed,640451203423433.0
241620,0.0,1733607001,262403,0xcbcdf9626bc03e24f779434178a73a0b4bad62ed,640451203423433.0
241680,0.0,1733607001,262403,0xcbcdf9626bc03e24f779434178a73a0b4bad62ed,640451203423433.0
241860,0.0,1733607001,262403,0xcbcdf9626bc03e24f779434178a73a0b4bad62ed,640451203423433.0
241920,0.0,1733607001,262403,0xcbcdf9626bc03e24f779434178a73a0b4bad62ed,640451203423433.0
242040,0.0,1733607001,262403,0xcbcdf9626bc03e24f779434178a73a0b4bad62ed,640451203423433.0
242220,0.0,1733607001,262403,0xcbcdf9626bc03e24f779434178a73a0b4bad62ed,640451203423433.0
242280,0.0,1733607001,262403,0xcbcdf9626bc03e24f779434178a73a0b4bad62ed,640451203423433.0
242340,3373862096954.0,1733607001,262403,0xcbcdf9626bc03e24f779434178a73a0b4bad62ed,643825065520387.0
242580,0.0,1733607001,262403,0xcbcdf9626bc03e24f779434178a73a0b4bad62ed,643825065520387.0
242700,0.0,1733607001,262403,0xcbcdf9626bc03e24f779434178a73a0b4bad62ed,643825065520387.0
242760,0.0,1733607001,262403,0xcbcdf9626bc03e24f779434178a73a0b4bad62ed,643825065520387.0
242820,0.0,1733607001,262403,0xcbcdf9626bc03e24f779434178a73a0b4bad62ed,643825065520387.0
242880,0.0,1733607001,262403,0xcbcdf9626bc03e24f779434178a73a0b4bad62ed,643825065520387.0
242940,0.0,1733607001,262403,0xcbcdf9626bc03e24f779434178a73a0b4bad62ed,643825065520387.0
243000,0.0,1733607001,262403,0xcbcdf9626bc03e24f779434178a73a0b4bad62ed,643825065520387.0
243300,0.0,1733607001,262403,0xcbcdf9626bc03e24f779434178a73a0b4bad62ed,643825065520387.0
243360,5369432313569.0,1733607001,262403,0xcbcdf9626bc03e24f779434178a73a0b4bad62ed,649194497833956.0
243480,0.0,1733607001,262403,0xcbcdf9626bc03e24f779434178a73a0b4bad62ed,649194497833956.0
243660,0.0,1733607001,262403,0xcbcdf9626bc03e24f779434178a73a0b4bad62ed,649194497833956.0
243720,0.0,1733607001,262403,0xcbcdf9626bc03e24f779434178a73a0b4bad62ed,649194497833956.0
243840,0.0,1733607001,262403,0xcbcdf9626bc03e24f779434178a73a0b4bad62ed,649194497833956.0
243900,0.0,1733607001,262403,0xcbcdf9626bc03e24f779434178a73a0b4bad62ed,649194497833956.0
243960,0.0,1733607001,262403,0xcbcdf9626bc03e24f779434178a73a0b4bad62ed,649194497833956.0
244020,0.0,1733607001,262403,0xcbcdf9626bc03e24f779434178a73a0b4bad62ed,649194497833956.0
244140,0.0,1733607001,262403,0xcbcdf9626bc03e24f779434178a73a0b4bad62ed,649194497833956.0
244320,0.0,1733607001,262403,0xcbcdf9626bc03e24f779434178a73a0b4bad62ed,649194497833956.0
244380,0.0,1733607001,262403,0xcbcdf9626bc03e24f779434178a73a0b4bad62ed,649194497833956.0
244560,0.0,1733607001,262403,0xcbcdf9626bc03e24f779434178a73a0b4bad62ed,649194497833956.0
244740,0.0,1733607001,262403,0xcbcdf9626bc03e24f779434178a73a0b4bad62ed,649194497833956.0
244860,893004067318.0,1733607001,262403,0xcbcdf9626bc03e24f779434178a73a0b4bad62ed,650087501901274.0
244920,0.0,1733607001,262403,0xcbcdf9626bc03e24f779434178a73a0b4bad62ed,650087501901274.0
244980,0.0,1733607001,262403,0xcbcdf9626bc03e24f779434178a73a0b4bad62ed,650087501901274.0
245040,0.0,1733607001,262403,0xcbcdf9626bc03e24f779434178a73a0b4bad62ed,650087501901274.0
245100,0.0,1733607001,262403,0xcbcdf9626bc03e24f779434178a73a0b4bad62ed,650087501901274.0
245280,0.0,1733607001,262403,0xcbcdf9626bc03e24f779434178a73a0b4bad62ed,650087501901274.0
245340,0.0,1733607001,262403,0xcbcdf9626bc03e24f779434178a73a0b4bad62ed,650087501901274.0
245520,0.0,1733607001,262403,0xcbcdf9626bc03e24f779434178a73a0b4bad62ed,650087501901274.0
245580,0.0,1733607001,262403,0xcbcdf9626bc03e24f779434178a73a0b4bad62ed,650087501901274.0
245640,0.0,1733607001,262403,0xcbcdf9626bc03e24f779434178a73a0b4bad62ed,650087501901274.0
245700,0.0,1733607001,262403,0xcbcdf9626bc03e24f779434178a73a0b4bad62ed,650087501901274.0
245760,0.0,1733607001,262403,0xcbcdf9626bc03e24f779434178a73a0b4bad62ed,650087501901274.0
245880,0.0,1733607001,262403,0xcbcdf9626bc03e24f779434178a73a0b4bad62ed,650087501901274.0
245940,76701235421656.0,1733607001,262403,0xcbcdf9626bc03e24f779434178a73a0b4bad62ed,726788737322930.0
246000,0.0,1733607001,262403,0xcbcdf9626bc03e24f779434178a73a0b4bad62ed,726788737322930.0
246120,0.0,1733607001,262403,0xcbcdf9626bc03e24f779434178a73a0b4bad62ed,726788737322930.0
246180,4890971540.0,1733607001,262403,0xcbcdf9626bc03e24f779434178a73a0b4bad62ed,726793628294470.0
246240,0.0,1733607001,262403,0xcbcdf9626bc03e24f779434178a73a0b4bad62ed,726793628294470.0
246300,0.0,1733607001,262403,0xcbcdf9626bc03e24f779434178a73a0b4bad62ed,726793628294470.0
246360,872115528325836.0,1733607001,262403,0xcbcdf9626bc03e24f779434178a73a0b4bad62ed,1598909156620306.0
246420,0.0,1733607001,262403,0xcbcdf9626bc03e24f779434178a73a0b4bad62ed,1598909156620306.0
246480,108468560122.0,1733607001,262403,0xcbcdf9626bc03e24f779434178a73a0b4bad62ed,1599017625180428.0
246540,0.0,1733607001,262403,0xcbcdf9626bc03e24f779434178a73a0b4bad62ed,1599017625180428.0
246600,0.0,1733607001,262403,0xcbcdf9626bc03e24f779434178a73a0b4bad62ed,1599017625180428.0
246660,13332022038787.0,1733607001,262403,0xcbcdf9626bc03e24f779434178a73a0b4bad62ed,1612349647219215.0
246720,0.0,1733607001,262403,0xcbcdf9626bc03e24f779434178a73a0b4bad62ed,1612349647219215.0
246780,9530357549.0,1733607001,262403,0xcbcdf9626bc03e24f779434178a73a0b4bad62ed,1612359177576764.0
246840,1143995552.0,1733607001,262403,0xcbcdf9626bc03e24f779434178a73a0b4bad62ed,1612360321572316.0
246900,0.0,1733607001,262403,0xcbcdf9626bc03e24f779434178a73a0b4bad62ed,1612360321572316.0
246960,14264473913293.0,1733607001,262403,0xcbcdf9626bc03e24f779434178a73a0b4bad62ed,1626624795485609.0
247020,0.0,1733607001,262403,0xcbcdf9626bc03e24f779434178a73a0b4bad62ed,1626624795485609.0
247080,0.0,1733607001,262403,0xcbcdf9626bc03e24f779434178a73a0b4bad62ed,1626624795485609.0
247140,0.0,1733607001,262403,0xcbcdf9626bc03e24f779434178a73a0b4bad62ed,1626624795485609.0
247200,0.0,1733607001,262403,0xcbcdf9626bc03e24f779434178a73a0b4bad62ed,1626624795485609.0
247260,0.0,1733607001,262403,0xcbcdf9626bc03e24f779434178a73a0b4bad62ed,1626624795485609.0
247320,48519918747269.0,1733607001,262403,0xcbcdf9626bc03e24f779434178a73a0b4bad62ed,1675144714232878.0
247380,132082423400388.0,1733607001,262403,0xcbcdf9626bc03e24f779434178a73a0b4bad62ed,1807227137633266.0
247440,637554050764081.0,1733607001,262403,0xcbcdf9626bc03e24f779434178a73a0b4bad62ed,2444781188397347.0
247500,0.0,1733607001,262403,0xcbcdf9626bc03e24f779434178a73a0b4bad62ed,2444781188397347.0
247560,0.0,1733607001,262403,0xcbcdf9626bc03e24f779434178a73a0b4bad62ed,2444781188397347.0
247620,487875820420.0,1733607001,262403,0xcbcdf9626bc03e24f779434178a73a0b4bad62ed,2445269064217767.0
247680,0.0,1733607001,262403,0xcbcdf9626bc03e24f779434178a73a0b4bad62ed,2445269064217767.0
247740,0.0,1733607001,262403,0xcbcdf9626bc03e24f779434178a73a0b4bad62ed,2445269064217767.0
247800,0.0,1733607001,262403,0xcbcdf9626bc03e24f779434178a73a0b4bad62ed,2445269064217767.0
247860,1649567047148.0,1733607001,262403,0xcbcdf9626bc03e24f779434178a73a0b4bad62ed,2446918631264915.0
247920,0.0,1733607001,262403,0xcbcdf9626bc03e24f779434178a73a0b4bad62ed,2446918631264915.0
247980,23028334649368.0,1733607001,262403,0xcbcdf9626bc03e24f779434178a73a0b4bad62ed,2469946965914283.0
248040,254596974393.0,1733607001,262403,0xcbcdf9626bc03e24f779434178a73a0b4bad62ed,2470201562888676.0
248100,6070743325515.0,1733607001,262403,0xcbcdf9626bc03e24f779434178a73a0b4bad62ed,2476272306214191.0
248160,87589198549153.0,1733607001,262403,0xcbcdf9626bc03e24f779434178a73a0b4bad62ed,2563861504763344.0
248220,0.0,1733607001,262403,0xcbcdf9626bc03e24f779434178a73a0b4bad62ed,2563861504763344.0
248280,1490329481300.0,1733607001,262403,0xcbcdf9626bc03e24f779434178a73a0b4bad62ed,2565351834244644.0
248340,0.0,1733607001,262403,0xcbcdf9626bc03e24f779434178a73a0b4bad62ed,2565351834244644.0
248400,3028378401643.0,1733607001,262403,0xcbcdf9626bc03e24f779434178a73a0b4bad62ed,2568380212646287.0
248460,0.0,1733607001,262403,0xcbcdf9626bc03e24f779434178a73a0b4bad62ed,2568380212646287.0
248520,0.0,1733607001,262403,0xcbcdf9626bc03e24f779434178a73a0b4bad62ed,2568380212646287.0
248580,103106629520.0,1733607001,262403,0xcbcdf9626bc03e24f779434178a73a0b4bad62ed,2568483319275807.0
248640,193573572275.0,1733607001,262403,0xcbcdf9626bc03e24f779434178a73a0b4bad62ed,2568676892848082.0
248700,97077449709202.0,1733607001,262403,0xcbcdf9626bc03e24f779434178a73a0b4bad62ed,2665754342557284.0
248760,0.0,1733607001,262403,0xcbcdf9626bc03e24f779434178a73a0b4bad62ed,2665754342557284.0
248820,0.0,1733607001,262403,0xcbcdf9626bc03e24f779434178a73a0b4bad62ed,2665754342557284.0
248880,1191600446578.0,1733607001,262403,0xcbcdf9626bc03e24f779434178a73a0b4bad62ed,2666945943003862.0
248940,0.0,1733607001,262403,0xcbcdf9626bc03e24f779434178a73a0b4bad62ed,2666945943003862.0
249000,369486187418481.0,1733607001,262403,0xcbcdf9626bc03e24f779434178a73a0b4bad62ed,3036432130422343.0
249060,9471041602366.0,1733607001,262403,0xcbcdf9626bc03e24f779434178a73a0b4bad62ed,3045903172024709.0
249120,39044742587.0,1733607001,262403,0xcbcdf9626bc03e24f779434178a73a0b4bad62ed,3045942216767296.0
249180,146503968744.0,1733607001,262403,0xcbcdf9626bc03e24f779434178a73a0b4bad62ed,3046088720736040.0
249240,213788187530362.0,1733607001,262403,0xcbcdf9626bc03e24f779434178a73a0b4bad62ed,3259876908266402.0
249300,635417428001577.0,1733607001,262403,0xcbcdf9626bc03e24f779434178a73a0b4bad62ed,3895294336267979.0
249360,197942145745612.0,1733607001,262403,0xcbcdf9626bc03e24f779434178a73a0b4bad62ed,4093236482013591.0
249420,561472754423.0,1733607001,262403,0xcbcdf9626bc03e24f779434178a73a0b4bad62ed,4093797954768014.0
249480,44931533032563.0,1733607001,262403,0xcbcdf9626bc03e24f779434178a73a0b4bad62ed,4138729487800577.0
249540,238272611632152.0,1733607001,262403,0xcbcdf9626bc03e24f779434178a73a0b4bad62ed,4377002099432729.0
249600,2671671127048.0,1733607001,262403,0xcbcdf9626bc03e24f779434178a73a0b4bad62ed,4379673770559777.0
249660,49088126427395.0,1733607001,262403,0xcbcdf9626bc03e24f779434178a73a0b4bad62ed,4428761896987172.0
249720,89948723431480.0,1733607001,262403,0xcbcdf9626bc03e24f779434178a73a0b4bad62ed,4518710620418652.0
249780,6423851479267.0,1733607001,262403,0xcbcdf9626bc03e24f779434178a73a0b4bad62ed,4525134471897919.0
249840,46591160757527.0,1733607001,262403,0xcbcdf9626bc03e24f779434178a73a0b4bad62ed,4571725632655446.0
249900,220794726525202.0,1733607001,262403,0xcbcdf9626bc03e24f779434178a73a0b4bad62ed,4792520359180648.0
249960,953156476880315.0,1733607001,262403,0xcbcdf9626bc03e24f779434178a73a0b4bad62ed,5745676836060963.0
250020,11761163997653.0,1733607001,262403,0xcbcdf9626bc03e24f779434178a73a0b4bad62ed,5757438000058616.0
250080,161963828791402.0,1733607001,262403,0xcbcdf9626bc03e24f779434178a73a0b4bad62ed,5919401828850018.0
250140,304108865965147.0,1733607001,262403,0xcbcdf9626bc03e24f779434178a73a0b4bad62ed,6223510694815165.0
250200,31224338121135.0,1733607001,262403,0xcbcdf9626bc03e24f779434178a73a0b4bad62ed,6254735032936300.0
250260,182417972577763.0,1733607001,262403,0xcbcdf9626bc03e24f779434178a73a0b4bad62ed,6437153005514063.0
250320,13409268993447.0,1733607001,262403,0xcbcdf9626bc03e24f779434178a73a0b4bad62ed,6450562274507510.0
250380,7238616413591.0,1733607001,262403,0xcbcdf9626bc03e24f779434178a73a0b4bad62ed,6457800890921101.0
250440,19261518451709.0,1733607001,262403,0xcbcdf9626bc03e24f779434178a73a0b4bad62ed,6477062409372810.0
250500,219496611409174.0,1733607001,262403,0xcbcdf9626bc03e24f779434178a73a0b4bad62ed,6696559020781984.0
250560,26156816272.0,1733607001,262403,0xcbcdf9626bc03e24f779434178a73a0b4bad62ed,6696585177598256.0
250620,531539037018797.0,1733607001,262403,0xcbcdf9626bc03e24f779434178a73a0b4bad62ed,7228124214617053.0
250680,178420510441493.0,1733607001,262403,0xcbcdf9626bc03e24f779434178a73a0b4bad62ed,7406544725058546.0
250740,6511760535629.0,1733607001,262403,0xcbcdf9626bc03e24f779434178a73a0b4bad62ed,7413056485594175.0
250800,251664123986.0,1733607001,262403,0xcbcdf9626bc03e24f779434178a73a0b4bad62ed,7413308149718161.0
250860,286751376983172.0,1733607001,262403,0xcbcdf9626bc03e24f779434178a73a0b4bad62ed,7700059526701333.0
250920,19506756375315.0,1733607001,262403,0xcbcdf9626bc03e24f779434178a73a0b4bad62ed,7719566283076648.0
250980,224707983199.0,1733607001,262403,0xcbcdf9626bc03e24f779434178a73a0b4bad62ed,7719790991059847.0
251040,733247911816440.0,1733607001,262403,0xcbcdf9626bc03e24f779434178a73a0b4bad62ed,8453038902876287.0
251100,30061536441575.0,1733607001,262403,0xcbcdf9626bc03e24f779434178a73a0b4bad62ed,8483100439317862.0
251160,551144177.0,1733607001,262403,0xcbcdf9626bc03e24f779434178a73a0b4bad62ed,8483100990462039.0
251220,218321063372293.0,1733607001,262403,0xcbcdf9626bc03e24f779434178a73a0b4bad62ed,8701422053834332.0
251280,1749040447429.0,1733607001,262403,0xcbcdf9626bc03e24f779434178a73a0b4bad62ed,8703171094281761.0
251340,244785159228991.0,1733607001,262403,0xcbcdf9626bc03e24f779434178a73a0b4bad62ed,8947956253510752.0
251400,23072218799196.0,1733607001,262403,0xcbcdf9626bc03e24f779434178a73a0b4bad62ed,8971028472309948.0
251460,1733205901632.0,1733607001,262403,0xcbcdf9626bc03e24f779434178a73a0b4bad62ed,8972761678211580.0
251520,21192152937359.0,1733607001,262403,0xcbcdf9626bc03e24f779434178a73a0b4bad62ed,8993953831148939.0
251580,903392894160978.0,1733607001,262403,0xcbcdf9626bc03e24f779434178a73a0b4bad62ed,9897346725309917.0
251640,214898561713.0,1733607001,262403,0xcbcdf9626bc03e24f779434178a73a0b4bad62ed,9897561623871630.0
251700,676039554249.0,1733607001,262403,0xcbcdf9626bc03e24f779434178a73a0b4bad62ed,9898237663425879.0
251760,12434678646254.0,1733607001,262403,0xcbcdf9626bc03e24f779434178a73a0b4bad62ed,9910672342072133.0
251820,65147314878974.0,1733607001,262403,0xcbcdf9626bc03e24f779434178a73a0b4bad62ed,9975819656951107.0
251880,931553309070.0,1733607001,262403,0xcbcdf9626bc03e24f779434178a73a0b4bad62ed,9976751210260177.0
251940,0.0,1733607001,262403,0xcbcdf9626bc03e24f779434178a73a0b4bad62ed,9976751210260177.0
252000,7575224935196.0,1733607001,262403,0xcbcdf9626bc03e24f779434178a73a0b4bad62ed,9984326435195373.0
252060,14139714655680.0,1733607001,262403,0xcbcdf9626bc03e24f779434178a73a0b4bad62ed,9998466149851053.0
252120,43405319030563.0,1733607001,262403,0xcbcdf9626bc03e24f779434178a73a0b4bad62ed,10041871468881616.0
252180,86793345812064.0,1733607001,262403,0xcbcdf9626bc03e24f779434178a73a0b4bad62ed,10128664814693680.0
252240,5178104288947870.0,1733607001,262403,0xcbcdf9626bc03e24f779434178a73a0b4bad62ed,15306769103641550.0
252300,166715713462657.0,1733607001,262403,0xcbcdf9626bc03e24f779434178a73a0b4bad62ed,15473484817104207.0
252360,100972267633627.0,1733607001,262403,0xcbcdf9626bc03e24f779434178a73a0b4bad62ed,15574457084737834.0
252420,171629898110504.0,1733607001,262403,0xcbcdf9626bc03e24f779434178a73a0b4bad62ed,15746086982848338.0
252480,3400485365604.0,1733607001,262403,0xcbcdf9626bc03e24f779434178a73a0b4bad62ed,15749487468213942.0
252540,1592094502416852.0,1733607001,262403,0xcbcdf9626bc03e24f779434178a73a0b4bad62ed,17341581970630794.0
252600,170891589773000.0,1733607001,262403,0xcbcdf9626bc03e24f779434178a73a0b4bad62ed,17512473560403794.0
252660,64655707460044.0,1733607001,262403,0xcbcdf9626bc03e24f779434178a73a0b4bad62ed,17577129267863838.0
252720,313173256399322.0,1733607001,262403,0xcbcdf9626bc03e24f779434178a73a0b4bad62ed,17890302524263160.0
252780,1142378554183342.0,1733607001,262403,0xcbcdf9626bc03e24f779434178a73a0b4bad62ed,19032681078446502.0
252840,102055728900030.0,1733607001,262403,0xcbcdf9626bc03e24f779434178a73a0b4bad62ed,19134736807346532.0
252900,16255756026673.0,1733607001,262403,0xcbcdf9626bc03e24f779434178a73a0b4bad62ed,19150992563373205.0
252960,56949657025494.0,1733607001,262403,0xcbcdf9626bc03e24f779434178a73a0b4bad62ed,19207942220398699.0
253020,38011552470793.0,1733607001,262403,0xcbcdf9626bc03e24f779434178a73a0b4bad62ed,19245953772869492.0
253080,22613472616724.0,1733607001,262403,0xcbcdf9626bc03e24f779434178a73a0b4bad62ed,19268567245486216.0
253140,0.0,1733607001,262403,0xcbcdf9626bc03e24f779434178a73a0b4bad62ed,19268567245486216.0
253200,2076150193082395.0,1733607001,262403,0xcbcdf9626bc03e24f779434178a73a0b4bad62ed,21344717438568611.0
253260,369895443096261.0,1733607001,262403,0xcbcdf9626bc03e24f779434178a73a0b4bad62ed,21714612881664872.0
253320,5402729063543365.0,1733607001,262403,0xcbcdf9626bc03e24f779434178a73a0b4bad62ed,27117341945208237.0
253380,19421493899998.0,1733607001,262403,0xcbcdf9626bc03e24f779434178a73a0b4bad62ed,27136763439108235.0
253440,14281260462659.0,1733607001,262403,0xcbcdf9626bc03e24f779434178a73a0b4bad62ed,27151044699570894.0
253500,82625199163116.0,1733607001,262403,0xcbcdf9626bc03e24f779434178a73a0b4bad62ed,27233669898734010.0
253560,44716719181113.0,1733607001,262403,0xcbcdf9626bc03e24f779434178a73a0b4bad62ed,27278386617915123.0
253620,1659036795346405.0,1733607001,262403,0xcbcdf9626bc03e24f779434178a73a0b4bad62ed,28937423413261528.0
253680,1641537289715050.0,1733607001,262403,0xcbcdf9626bc03e24f779434178a73a0b4bad62ed,30578960702976578.0
253740,260955781409632.0,1733607001,262403,0xcbcdf9626bc03e24f779434178a73a0b4bad62ed,30839916484386210.0
253800,5465457484013366.0,1733607001,262403,0xcbcdf9626bc03e24f779434178a73a0b4bad62ed,36305373968399576.0
253860,17890564658037.0,1733607001,262403,0xcbcdf9626bc03e24f779434178a73a0b4bad62ed,36323264533057613.0
253920,30271606195941.0,1733607001,262403,0xcbcdf9626bc03e24f779434178a73a0b4bad62ed,36353536139253554.0
253980,26952882747779.0,1733607001,262403,0xcbcdf9626bc03e24f779434178a73a0b4bad62ed,36380489022001333.0
254040,7123699976405738.0,1733607001,262403,0xcbcdf9626bc03e24f779434178a73a0b4bad62ed,43504188998407071.0
254100,409236312400104.0,1733607001,262403,0xcbcdf9626bc03e24f779434178a73a0b4bad62ed,43913425310807175.0
254160,81897834723642.0,1733607001,262403,0xcbcdf9626bc03e24f779434178a73a0b4bad62ed,43995323145530817.0
254220,43857601328415.0,1733607001,262403,0xcbcdf9626bc03e24f779434178a73a0b4bad62ed,44039180746859232.0
254280,1701004991714080.0,1733607001,262403,0xcbcdf9626bc03e24f779434178a73a0b4bad62ed,45740185738573312.0
254340,798824169150168.0,1733607001,262403,0xcbcdf9626bc03e24f779434178a73a0b4bad62ed,46539009907723480.0
254400,297357420819227.0,1733607001,262403,0xcbcdf9626bc03e24f779434178a73a0b4bad62ed,46836367328542707.0
254460,5025094694273.0,1733607001,262403,0xcbcdf9626bc03e24f779434178a73a0b4bad62ed,46841392423236980.0
254520,2053034056515.0,1733607001,262403,0xcbcdf9626bc03e24f779434178a73a0b4bad62ed,46843445457293495.0
254580,59744897971984.0,1733607001,262403,0xcbcdf9626bc03e24f779434178a73a0b4bad62ed,46903190355265479.0
254640,2074200606896696.0,1733607001,262403,0xcbcdf9626bc03e24f779434178a73a0b4bad62ed,48977390962162175.0
254700,548096865630711.0,1733607001,262403,0xcbcdf9626bc03e24f779434178a73a0b4bad62ed,49525487827792886.0
254760,51794675655264.0,1733607001,262403,0xcbcdf9626bc03e24f779434178a73a0b4bad62ed,49577282503448150.0
254820,46038681397955.0,1733607001,262403,0xcbcdf9626bc03e24f779434178a73a0b4bad62ed,49623321184846105.0
254880,1.016077558401408E+16,1733607001,262403,0xcbcdf9626bc03e24f779434178a73a0b4bad62ed,59784096768860185.0
254940,983710076012363.0,1733607001,262403,0xcbcdf9626bc03e24f779434178a73a0b4bad62ed,60767806844872548.0
255000,18980599997440.0,1733607001,262403,0xcbcdf9626bc03e24f779434178a73a0b4bad62ed,60786787444869988.0
255060,3088262780919479.0,1733607001,262403,0xcbcdf9626bc03e24f779434178a73a0b4bad62ed,63875050225789467.0
255120,-8994240206059856.0,1733607001,262403,0xcbcdf9626bc03e24f779434178a73a0b4bad62ed,54880810019729611.0
255180,1050788314645595.0,1733607001,262403,0xcbcdf9626bc03e24f779434178a73a0b4bad62ed,55931598334375206.0
255240,142053688617761.0,1733607001,262403,0xcbcdf9626bc03e24f779434178a73a0b4bad62ed,56073652022992967.0
255300,134330932773798.0,1733607001,262403,0xcbcdf9626bc03e24f779434178a73a0b4bad62ed,56207982955766765.0
255360,58187677282319.0,1733607001,262403,0xcbcdf9626bc03e24f779434178a73a0b4bad62ed,56266170633049084.0
255420,987512676431675.0,1733607001,262403,0xcbcdf9626bc03e24f779434178a73a0b4bad62ed,57253683309480759.0
255480,492437349096977.0,1733607001,262403,0xcbcdf9626bc03e24f779434178a73a0b4bad62ed,57746120658577736.0
255540,3554713439950652.0,1733607001,262403,0xcbcdf9626bc03e24f779434178a73a0b4bad62ed,61300834098528388.0
255600,527450548348118.0,1733607001,262403,0xcbcdf9626bc03e24f779434178a73a0b4bad62ed,61828284646876506.0
255660,1551327010447454.0,1733607001,262403,0xcbcdf9626bc03e24f779434178a73a0b4bad62ed,63379611657323960.0
255720,302307739537934.0,1733607001,262403,0xcbcdf9626bc03e24f779434178a73a0b4bad62ed,63681919396861894.0
255780,29896118436127932,1733607001,262403,0xcbcdf9626bc03e24f779434178a73a0b4bad62ed,93578037832989826.0
255840,20575774361847.0,1733607001,262403,0xcbcdf9626bc03e24f779434178a73a0b4bad62ed,93598613607351673.0
255900,5.43502216845912E+16,1733607001,262403,0xcbcdf9626bc03e24f779434178a73a0b4bad62ed,147948835291942873.0
255960,-48828194262283.0,1733607001,262403,0xcbcdf9626bc03e24f779434178a73a0b4bad62ed,147900007097680590.0
256020,-69551505536825.0,1733607001,262403,0xcbcdf9626bc03e24f779434178a73a0b4bad62ed,147830455592143765.0
256080,52289014916369.0,1733607001,262403,0xcbcdf9626bc03e24f779434178a73a0b4bad62ed,147882744607060134.0
256140,5.646095236978289E+16,1733607001,262403,0xcbcdf9626bc03e24f779434178a73a0b4bad62ed,204343696976843024.0
256200,311161404681329.0,1733607001,262403,0xcbcdf9626bc03e24f779434178a73a0b4bad62ed,204654858381524353.0
256260,39035398993995.0,1733607001,262403,0xcbcdf9626bc03e24f779434178a73a0b4bad62ed,204693893780518348.0
256320,130985482562915.0,1733607001,262403,0xcbcdf9626bc03e24f779434178a73a0b4bad62ed,204824879263081263.0
256380,30658959273023644,1733607001,262403,0xcbcdf9626bc03e24f779434178a73a0b4bad62ed,235483838536104907.0
256440,850948073488888.0,1733607001,262403,0xcbcdf9626bc03e24f779434178a73a0b4bad62ed,236334786609593795.0
256500,730902703843482.0,1733607001,262403,0xcbcdf9626bc03e24f779434178a73a0b4bad62ed,237065689313437277.0
256560,235308478332141.0,1733607001,262403,0xcbcdf9626bc03e24f779434178a73a0b4bad62ed,237300997791769418.0
256620,2939796431431558.0,1733607001,262403,0xcbcdf9626bc03e24f779434178a73a0b4bad62ed,240240794223200976.0
256680,2644344520673677.0,1733607001,262403,0xcbcdf9626bc03e24f779434178a73a0b4bad62ed,242885138743874653.0
256740,-778992989269082.0,1733607001,262403,0xcbcdf9626bc03e24f779434178a73a0b4bad62ed,242106145754605571.0
256800,1030919077272087.0,1733607001,262403,0xcbcdf9626bc03e24f779434178a73a0b4bad62ed,243137064831877658.0
256860,2792138361001060.0,1733607001,262403,0xcbcdf9626bc03e24f779434178a73a0b4bad62ed,245929203192878718.0
256920,1129745912820509.0,1733607001,262403,0xcbcdf9626bc03e24f779434178a73a0b4bad62ed,247058949105699227.0
256980,-186464626162319.0,1733607001,262403,0xcbcdf9626bc03e24f779434178a73a0b4bad62ed,246872484479536908.0
257040,8466227146434097.0,1733607001,262403,0xcbcdf9626bc03e24f779434178a73a0b4bad62ed,255338711625971005.0
257100,87639452537004.0,1733607001,262403,0xcbcdf9626bc03e24f779434178a73a0b4bad62ed,255426351078508009.0
257160,1556382941641728.0,1733607001,262403,0xcbcdf9626bc03e24f779434178a73a0b4bad62ed,256982734020149737.0
257220,-7125509056523052.0,1733607001,262403,0xcbcdf9626bc03e24f779434178a73a0b4bad62ed,249857224963626685.0
257280,4752288726399870.0,1733607001,262403,0xcbcdf9626bc03e24f779434178a73a0b4bad62ed,254609513690026555.0
257340,3937732231421488.0,1733607001,262403,0xcbcdf9626bc03e24f779434178a73a0b4bad62ed,258547245921448043.0
257400,-2393095339372355.0,1733607001,262403,0xcbcdf9626bc03e24f779434178a73a0b4bad62ed,256154150582075688.0
257460,-2356919967375002.0,1733607001,262403,0xcbcdf9626bc03e24f779434178a73a0b4bad62ed,253797230614700686.0
257520,1235210338190408.0,1733607001,262403,0xcbcdf9626bc03e24f779434178a73a0b4bad62ed,255032440952891094.0
257580,7.486935895856051E+16,1733607001,262403,0xcbcdf9626bc03e24f779434178a73a0b4bad62ed,329901799911451604.0
257640,1419064465323640.0,1733607001,262403,0xcbcdf9626bc03e24f779434178a73a0b4bad62ed,331320864376775244.0
257700,292218287077941.0,1733607001,262403,0xcbcdf9626bc03e24f779434178a73a0b4bad62ed,331613082663853185.0
257760,-66279268584286.0,1733607001,262403,0xcbcdf9626bc03e24f779434178a73a0b4bad62ed,331546803395268899.0
257820,-30537111135264504,1733607001,262403,0xcbcdf9626bc03e24f779434178a73a0b4bad62ed,301009692260004395.0
257880,146752142224705.0,1733607001,262403,0xcbcdf9626bc03e24f779434178a73a0b4bad62ed,301156444402229100.0
257940,105415407354625.0,1733607001,262403,0xcbcdf9626bc03e24f779434178a73a0b4bad62ed,301261859809583725.0
258000,2700124409840438.0,1733607001,262403,0xcbcdf9626bc03e24f779434178a73a0b4bad62ed,303961984219424163.0
258060,-33749358130542136,1733607001,262403,0xcbcdf9626bc03e24f779434178a73a0b4bad62ed,270212626088882027.0
258120,3101805215472654.0,1733607001,262403,0xcbcdf9626bc03e24f779434178a73a0b4bad62ed,273314431304354681.0
258180,1698996122057044.0,1733607001,262403,0xcbcdf9626bc03e24f779434178a73a0b4bad62ed,275013427426411725.0
258240,-25188279462807664,1733607001,262403,0xcbcdf9626bc03e24f779434178a73a0b4bad62ed,249825147963604061.0
258300,-458520172533489.0,1733607001,262403,0xcbcdf9626bc03e24f779434178a73a0b4bad62ed,249366627791070572.0
258360,31388162452441.0,1733607001,262403,0xcbcdf9626bc03e24f779434178a73a0b4bad62ed,249398015953523013.0
258420,4067370090223815.0,1733607001,262403,0xcbcdf9626bc03e24f779434178a73a0b4bad62ed,253465386043746828.0
258480,230574430670824.0,1733607001,262403,0xcbcdf9626bc03e24f779434178a73a0b4bad62ed,253695960474417652.0
258540,-423979315109820.0,1733607001,262403,0xcbcdf9626bc03e24f779434178a73a0b4bad62ed,253271981159307832.0
258600,-3048907718212617.0,1733607001,262403,0xcbcdf9626bc03e24f779434178a73a0b4bad62ed,250223073441095215.0
258660,1601985552105029.0,1733607001,262403,0xcbcdf9626bc03e24f779434178a73a0b4bad62ed,251825058993200244.0
258720,224438951640972.0,1733607001,262403,0xcbcdf9626bc03e24f779434178a73a0b4bad62ed,252049497944841216.0
258780,19329382759228504,1733607001,262403,0xcbcdf9626bc03e24f779434178a73a0b4bad62ed,271378880704069720.0
258840,-290634775476843.0,1733607001,262403,0xcbcdf9626bc03e24f779434178a73a0b4bad62ed,271088245928592877.0
258900,200335188435090.0,1733607001,262403,0xcbcdf9626bc03e24f779434178a73a0b4bad62ed,271288581117027967.0
258960,656568868095597.0,1733607001,262403,0xcbcdf9626bc03e24f779434178a73a0b4bad62ed,271945149985123564.0
259020,23602738992215.0,1733607001,262403,0xcbcdf9626bc03e24f779434178a73a0b4bad62ed,271968752724115779.0
259080,2622419821356887.0,1733607001,262403,0xcbcdf9626bc03e24f779434178a73a0b4bad62ed,274591172545472666.0
259140,9640124064494080.0,1733607001,262403,0xcbcdf9626bc03e24f779434178a73a0b4bad62ed,284231296609966746.0
259200,-5.500072604262614E+16,1733607001,262403,0xcbcdf9626bc03e24f779434178a73a0b4bad62ed,229230570567340606.0
259260,13199420479704336,1733607001,262403,0xcbcdf9626bc03e24f779434178a73a0b4bad62ed,242429991047044942.0
259320,-9020324017226.0,1733607001,262403,0xcbcdf9626bc03e24f779434178a73a0b4bad62ed,242420970723027716.0
259380,1013400791079727.0,1733607001,262403,0xcbcdf9626bc03e24f779434178a73a0b4bad62ed,243434371514107443.0
259440,-479689754185435.0,1733607001,262403,0xcbcdf9626bc03e24f779434178a73a0b4bad62ed,242954681759922008.0
259500,2726908327239207.0,1733607001,262403,0xcbcdf9626bc03e24f779434178a73a0b4bad62ed,245681590087161215.0
259560,553693531751928.0,1733607001,262403,0xcbcdf9626bc03e24f779434178a73a0b4bad62ed,246235283618913143.0
259620,-373825727127318.0,1733607001,262403,0xcbcdf9626bc03e24f779434178a73a0b4bad62ed,245861457891785825.0
259680,47783443703275.0,1733607001,262403,0xcbcdf9626bc03e24f779434178a73a0b4bad62ed,245909241335489100.0
259740,-5317372456643697.0,1733607001,262403,0xcbcdf9626bc03e24f779434178a73a0b4bad62ed,240591868878845403.0
259800,-2399770050990623.0,1733607001,262403,0xcbcdf9626bc03e24f779434178a73a0b4bad62ed,238192098827854780.0
259860,-367578617070793.0,1733607001,262403,0xcbcdf9626bc03e24f779434178a73a0b4bad62ed,237824520210783987.0
259920,-2662725148995553.0,1733607001,262403,0xcbcdf9626bc03e24f779434178a73a0b4bad62ed,235161795061788434.0
259980,-2578710813406401.0,1733607001,262403,0xcbcdf9626bc03e24f779434178a73a0b4bad62ed,232583084248382033.0
260040,6130221513239495.0,1733607001,262403,0xcbcdf9626bc03e24f779434178a73a0b4bad62ed,238713305761621528.0
260100,-17920143950222104,1733607001,262403,0xcbcdf9626bc03e24f779434178a73a0b4bad62ed,220793161811399424.0
260160,-489143839492256.0,1733607001,262403,0xcbcdf9626bc03e24f779434178a73a0b4bad62ed,220304017971907168.0
260220,-1705803285529846.0,1733607001,262403,0xcbcdf9626bc03e24f779434178a73a0b4bad62ed,218598214686377322.0
260280,-1718865377100482.0,1733607001,262403,0xcbcdf9626bc03e24f779434178a73a0b4bad62ed,216879349309276840.0
260340,3048799805249602.0,1733607001,262403,0xcbcdf9626bc03e24f779434178a73a0b4bad62ed,219928149114526442.0
260400,-6341880332926.0,1733607001,262403,0xcbcdf9626bc03e24f779434178a73a0b4bad62ed,219921807234193516.0
260460,-8059567694729048.0,1733607001,262403,0xcbcdf9626bc03e24f779434178a73a0b4bad62ed,211862239539464468.0
260520,-207947842127359.0,1733607001,262403,0xcbcdf9626bc03e24f779434178a73a0b4bad62ed,211654291697337109.0
260580,-11501307727563274,1733607001,262403,0xcbcdf9626bc03e24f779434178a73a0b4bad62ed,200152983969773835.0
260640,-1.865565728747651E+16,1733607001,262403,0xcbcdf9626bc03e24f779434178a73a0b4bad62ed,181497326682297325.0
260700,-546089532849758.0,1733607001,262403,0xcbcdf9626bc03e24f779434178a73a0b4bad62ed,180951237149447567.0
260760,-7.828919148265366E+16,1733607001,262403,0xcbcdf9626bc03e24f779434178a73a0b4bad62ed,102662045666793907.0
260820,242067276740604.0,1733607001,262403,0xcbcdf9626bc03e24f779434178a73a0b4bad62ed,102904112943534511.0
260880,-22873950037752844,1733607001,262403,0xcbcdf9626bc03e24f779434178a73a0b4bad62ed,80030162905781667.0
260940,-27264639985791.0,1733607001,262403,0xcbcdf9626bc03e24f779434178a73a0b4bad62ed,80002898265795876.0
261000,-4977831023230.0,1733607001,262403,0xcbcdf9626bc03e24f779434178a73a0b4bad62ed,79997920434772646.0
261060,-564289385283078.0,1733607001,262403,0xcbcdf9626bc03e24f779434178a73a0b4bad62ed,79433631049489568.0
261120,1255073263946408.0,1733607001,262403,0xcbcdf9626bc03e24f779434178a73a0b4bad62ed,80688704313435976.0
261180,37096324062750.0,1733607001,262403,0xcbcdf9626bc03e24f779434178a73a0b4bad62ed,80725800637498726.0
261240,-1832528190977278.0,1733607001,262403,0xcbcdf9626bc03e24f779434178a73a0b4bad62ed,78893272446521448.0
261300,2.3861691362820256E+17,1733607001,262403,0xcbcdf9626bc03e24f779434178a73a0b4bad62ed,317510186074724008.0
261360,-2143168572550961.0,1733607001,262403,0xcbcdf9626bc03e24f779434178a73a0b4bad62ed,315367017502173047.0
261420,1.922584409351649E+16,1733607001,262403,0xcbcdf9626bc03e24f779434178a73a0b4bad62ed,334592861595689537.0
261480,-2.362933148834008E+17,1733607001,262403,0xcbcdf9626bc03e24f779434178a73a0b4bad62ed,98299546712288737.0
261540,609736151260004.0,1733607001,262403,0xcbcdf9626bc03e24f779434178a73a0b4bad62ed,98909282863548741.0
261600,5.483559882669549E+16,1733607001,262403,0xcbcdf9626bc03e24f779434178a73a0b4bad62ed,153744881690244231.0
261660,1.970769334888373E+16,1733607001,262403,0xcbcdf9626bc03e24f779434178a73a0b4bad62ed,173452575039127961.0
261720,6.275207654679937E+16,1733607001,262403,0xcbcdf9626bc03e24f779434178a73a0b4bad62ed,236204651585927331.0
261780,-583364698344045.0,1733607001,262403,0xcbcdf9626bc03e24f779434178a73a0b4bad62ed,235621286887583286.0
261840,8863442132691885.0,1733607001,262403,0xcbcdf9626bc03e24f779434178a73a0b4bad62ed,244484729020275171.0
261900,2184110079613169.0,1733607001,262403,0xcbcdf9626bc03e24f779434178a73a0b4bad62ed,246668839099888340.0
261960,7260017588035383.0,1733607001,262403,0xcbcdf9626bc03e24f779434178a73a0b4bad62ed,253928856687923723.0
262020,64465096039357.0,1733607001,262403,0xcbcdf9626bc03e24f779434178a73a0b4bad62ed,253993321783963080.0
262080,112933759580688.0,1733607001,262403,0xcbcdf9626bc03e24f779434178a73a0b4bad62ed,254106255543543768.0
262140,1576674666146865.0,1733607001,262403,0xcbcdf9626bc03e24f779434178a73a0b4bad62ed,255682930209690633.0
262200,922592810172764.0,1733607001,262403,0xcbcdf9626bc03e24f779434178a73a0b4bad62ed,256605523019863397.0
262260,-4756142027857248.0,1733607001,262403,0xcbcdf9626bc03e24f779434178a73a0b4bad62ed,251849380992006149.0
262320,11473404559349682,1733607001,262403,0xcbcdf9626bc03e24f779434178a73a0b4bad62ed,263322785551355831.0
262380,2538993016230001.0,1733607001,262403,0xcbcdf9626bc03e24f779434178a73a0b4bad62ed,265861778567585832.0
262440,6179911626462552.0,1733607001,262403,0xcbcdf9626bc03e24f779434178a73a0b4bad62ed,272041690194048384.0
262500,-2899023207051747.0,1733607001,262403,0xcbcdf9626bc03e24f779434178a73a0b4bad62ed,269142666986996637.0
262560,-430076858003174.0,1733607001,262403,0xcbcdf9626bc03e24f779434178a73a0b4bad62ed,268712590128993463.0
262620,-822229703193582.0,1733607001,262403,0xcbcdf9626bc03e24f779434178a73a0b4bad62ed,267890360425799881.0
262680,-8712074631439615.0,1733607001,262403,0xcbcdf9626bc03e24f779434178a73a0b4bad62ed,259178285794360266.0
262740,-597331452428332.0,1733607001,262403,0xcbcdf9626bc03e24f779434178a73a0b4bad62ed,258580954341931934.0
262800,-5569227359722808.0,1733607001,262403,0xcbcdf9626bc03e24f779434178a73a0b4bad62ed,253011726982209126.0
262860,-6.23216231502989E+16,1733607001,262403,0xcbcdf9626bc03e24f779434178a73a0b4bad62ed,190690103831910226.0
262920,-1157703736282660.0,1733607001,262403,0xcbcdf9626bc03e24f779434178a73a0b4bad62ed,189532400095627566.0
262980,-6.272575967551485E+16,1733607001,262403,0xcbcdf9626bc03e24f779434178a73a0b4bad62ed,126806640420112716.0
263040,-239224338845188.0,1733607001,262403,0xcbcdf9626bc03e24f779434178a73a0b4bad62ed,126567416081267528.0
263100,-403365096358850.0,1733607001,262403,0xcbcdf9626bc03e24f779434178a73a0b4bad62ed,126164050984908678.0
263160,-669193299857080.0,1733607001,262403,0xcbcdf9626bc03e24f779434178a73a0b4bad62ed,125494857685051598.0
263220,-5560620619483180.0,1733607001,262403,0xcbcdf9626bc03e24f779434178a73a0b4bad62ed,119934237065568418.0
263280,-2179661478739616.0,1733607001,262403,0xcbcdf9626bc03e24f779434178a73a0b4bad62ed,117754575586828802.0
263340,-163754689922034.0,1733607001,262403,0xcbcdf9626bc03e24f779434178a73a0b4bad62ed,117590820896906768.0
263400,-362964552139201.0,1733607001,262403,0xcbcdf9626bc03e24f779434178a73a0b4bad62ed,117227856344767567.0
263460,-4439293204953681.0,1733607001,262403,0xcbcdf9626bc03e24f779434178a73a0b4bad62ed,112788563139813886.0
263520,-4190360177403608.0,1733607001,262403,0xcbcdf9626bc03e24f779434178a73a0b4bad62ed,108598202962410278.0
263580,-292956191535244.0,1733607001,262403,0xcbcdf9626bc03e24f779434178a73a0b4bad62ed,108305246770875034.0
263640,-2601760143098857.0,1733607001,262403,0xcbcdf9626bc03e24f779434178a73a0b4bad62ed,105703486627776177.0
263700,-91027983416303.0,1733607001,262403,0xcbcdf9626bc03e24f779434178a73a0b4bad62ed,105612458644359874.0
263760,-936122685327105.0,1733607001,262403,0xcbcdf9626bc03e24f779434178a73a0b4bad62ed,104676335959032769.0
263820,-22732725115778068,1733607001,262403,0xcbcdf9626bc03e24f779434178a73a0b4bad62ed,81943610843254701.0
263880,-2197066362563565.0,1733607001,262403,0xcbcdf9626bc03e24f779434178a73a0b4bad62ed,79746544480691136.0
263940,-1250483839628608.0,1733607001,262403,0xcbcdf9626bc03e24f779434178a73a0b4bad62ed,78496060641062528.0
264000,-5831575372688281.0,1733607001,262403,0xcbcdf9626bc03e24f779434178a73a0b4bad62ed,72664485268374247.0
264060,-137861025870341.0,1733607001,262403,0xcbcdf9626bc03e24f779434178a73a0b4bad62ed,72526624242503906.0
264120,722242921940789.0,1733607001,262403,0xcbcdf9626bc03e24f779434178a73a0b4bad62ed,73248867164444695.0
264180,-775110519705779.0,1733607001,262403,0xcbcdf9626bc03e24f779434178a73a0b4bad62ed,72473756644738916.0
264240,-1.944648551996148E+16,1733607001,262403,0xcbcdf9626bc03e24f779434178a73a0b4bad62ed,53027271124777436.0
264300,-579236717143919.0,1733607001,262403,0xcbcdf9626bc03e24f779434178a73a0b4bad62ed,52448034407633517.0
264360,-7940634689560116.0,1733607001,262403,0xcbcdf9626bc03e24f779434178a73a0b4bad62ed,44507399718073401.0
264420,-207007575389732.0,1733607001,262403,0xcbcdf9626bc03e24f779434178a73a0b4bad62ed,44300392142683669.0
264480,-609791258408982.0,1733607001,262403,0xcbcdf9626bc03e24f779434178a73a0b4bad62ed,43690600884274687.0
264540,-400034597021933.0,1733607001,262403,0xcbcdf9626bc03e24f779434178a73a0b4bad62ed,43290566287252754.0
264600,-1112916646377754.0,1733607001,262403,0xcbcdf9626bc03e24f779434178a73a0b4bad62ed,42177649640875000.0
264660,-536931760625680.0,1733607001,262403,0xcbcdf9626bc03e24f779434178a73a0b4bad62ed,41640717880249320.0
264720,-2225528357924297.0,1733607001,262403,0xcbcdf9626bc03e24f779434178a73a0b4bad62ed,39415189522325023.0
264780,-92607347745776.0,1733607001,262403,0xcbcdf9626bc03e24f779434178a73a0b4bad62ed,39322582174579247.0
264840,-483716944747586.0,1733607001,262403,0xcbcdf9626bc03e24f779434178a73a0b4bad62ed,38838865229831661.0
264900,-824790224260790.0,1733607001,262403,0xcbcdf9626bc03e24f779434178a73a0b4bad62ed,38014075005570871.0
264960,-22367651365470.0,1733607001,262403,0xcbcdf9626bc03e24f779434178a73a0b4bad62ed,37991707354205401.0
265020,-2312013458709.0,1733607001,262403,0xcbcdf9626bc03e24f779434178a73a0b4bad62ed,37989395340746692.0
265080,-198642772893992.0,1733607001,262403,0xcbcdf9626bc03e24f779434178a73a0b4bad62ed,37790752567852700.0
265140,-173607360842.0,1733607001,262403,0xcbcdf9626bc03e24f779434178a73a0b4bad62ed,37790578960491858.0
265200,-980750367357447.0,1733607001,262403,0xcbcdf9626bc03e24f779434178a73a0b4bad62ed,36809828593134411.0
265260,-3727759110273487.0,1733607001,262403,0xcbcdf9626bc03e24f779434178a73a0b4bad62ed,33082069482860924.0
265320,-3863380139727829.0,1733607001,262403,0xcbcdf9626bc03e24f779434178a73a0b4bad62ed,29218689343133095.0
265380,-49088470876731.0,1733607001,262403,0xcbcdf9626bc03e24f779434178a73a0b4bad62ed,29169600872256364.0
265440,-1005684188649995.0,1733607001,262403,0xcbcdf9626bc03e24f779434178a73a0b4bad62ed,28163916683606369.0
265500,-904743219869800.0,1733607001,262403,0xcbcdf9626bc03e24f779434178a73a0b4bad62ed,27259173463736569.0
265560,-516974127960084.0,1733607001,262403,0xcbcdf9626bc03e24f779434178a73a0b4bad62ed,26742199335776485.0
265620,-24944448820138.0,1733607001,262403,0xcbcdf9626bc03e24f779434178a73a0b4bad62ed,26717254886956347.0
265680,-1798314257822284.0,1733607001,262403,0xcbcdf9626bc03e24f779434178a73a0b4bad62ed,24918940629134063.0
265740,-113433769661231.0,1733607001,262403,0xcbcdf9626bc03e24f779434178a73a0b4bad62ed,24805506859472832.0
265800,-577386690949472.0,1733607001,262403,0xcbcdf9626bc03e24f779434178a73a0b4bad62ed,24228120168523360.0
265860,-272862648673203.0,1733607001,262403,0xcbcdf9626bc03e24f779434178a73a0b4bad62ed,23955257519850157.0
265920,0.0,1733607001,262403,0xcbcdf9626bc03e24f779434178a73a0b4bad62ed,23955257519850157.0
265980,-137892477572760.0,1733607001,262403,0xcbcdf9626bc03e24f779434178a73a0b4bad62ed,23817365042277397.0
266040,-966373820085453.0,1733607001,262403,0xcbcdf9626bc03e24f779434178a73a0b4bad62ed,22850991222191944.0
266100,-4515567559530899.0,1733607001,262403,0xcbcdf9626bc03e24f779434178a73a0b4bad62ed,18335423662661045.0
266160,-61931548047575.0,1733607001,262403,0xcbcdf9626bc03e24f779434178a73a0b4bad62ed,18273492114613470.0
266220,-77675417385599.0,1733607001,262403,0xcbcdf9626bc03e24f779434178a73a0b4bad62ed,18195816697227871.0
266280,-92737110405673.0,1733607001,262403,0xcbcdf9626bc03e24f779434178a73a0b4bad62ed,18103079586822198.0
266340,-40215843741450.0,1733607001,262403,0xcbcdf9626bc03e24f779434178a73a0b4bad62ed,18062863743080748.0
266400,-1649221584209346.0,1733607001,262403,0xcbcdf9626bc03e24f779434178a73a0b4bad62ed,16413642158871402.0
266460,-2830544483442032.0,1733607001,262403,0xcbcdf9626bc03e24f779434178a73a0b4bad62ed,13583097675429370.0
266520,-409585458322515.0,1733607001,262403,0xcbcdf9626bc03e24f779434178a73a0b4bad62ed,13173512217106855.0
266580,-225147205679898.0,1733607001,262403,0xcbcdf9626bc03e24f779434178a73a0b4bad62ed,12948365011426957.0
266640,-185383582263456.0,1733607001,262403,0xcbcdf9626bc03e24f779434178a73a0b4bad62ed,12762981429163501.0
266700,-9314297364941.0,1733607001,262403,0xcbcdf9626bc03e24f779434178a73a0b4bad62ed,12753667131798560.0
266760,-10215734284998.0,1733607001,262403,0xcbcdf9626bc03e24f779434178a73a0b4bad62ed,12743451397513562.0
266820,-57062614605690.0,1733607001,262403,0xcbcdf9626bc03e24f779434178a73a0b4bad62ed,12686388782907872.0
266880,-29024435533499.0,1733607001,262403,0xcbcdf9626bc03e24f779434178a73a0b4bad62ed,12657364347374373.0
266940,-1697074161.0,1733607001,262403,0xcbcdf9626bc03e24f779434178a73a0b4bad62ed,12657362650300212.0
267000,-18611958918331.0,1733607001,262403,0xcbcdf9626bc03e24f779434178a73a0b4bad62ed,12638750691381881.0
267060,-89017272506467.0,1733607001,262403,0xcbcdf9626bc03e24f779434178a73a0b4bad62ed,12549733418875414.0
267120,-84586411439866.0,1733607001,262403,0xcbcdf9626bc03e24f779434178a73a0b4bad62ed,12465147007435548.0
267180,-2670434136694341.0,1733607001,262403,0xcbcdf9626bc03e24f779434178a73a0b4bad62ed,9794712870741207.0
267240,-199595856491087.0,1733607001,262403,0xcbcdf9626bc03e24f779434178a73a0b4bad62ed,9595117014250120.0
267300,-15089075959327.0,1733607001,262403,0xcbcdf9626bc03e24f779434178a73a0b4bad62ed,9580027938290793.0
267360,-260348565173864.0,1733607001,262403,0xcbcdf9626bc03e24f779434178a73a0b4bad62ed,9319679373116929.0
267420,-1243872893612.0,1733607001,262403,0xcbcdf9626bc03e24f779434178a73a0b4bad62ed,9318435500223317.0
267480,-36794146112494.0,1733607001,262403,0xcbcdf9626bc03e24f779434178a73a0b4bad62ed,9281641354110823.0
267540,-425067676588.0,1733607001,262403,0xcbcdf9626bc03e24f779434178a73a0b4bad62ed,9281216286434235.0
267600,-1858912418352.0,1733607001,262403,0xcbcdf9626bc03e24f779434178a73a0b4bad62ed,9279357374015883.0
267660,-2534150154618.0,1733607001,262403,0xcbcdf9626bc03e24f779434178a73a0b4bad62ed,9276823223861265.0
267720,-1445829043677.0,1733607001,262403,0xcbcdf9626bc03e24f779434178a73a0b4bad62ed,9275377394817588.0
267780,0.0,1733607001,262403,0xcbcdf9626bc03e24f779434178a73a0b4bad62ed,9275377394817588.0
267840,0.0,1733607001,262403,0xcbcdf9626bc03e24f779434178a73a0b4bad62ed,9275377394817588.0
267900,-1389921624627.0,1733607001,262403,0xcbcdf9626bc03e24f779434178a73a0b4bad62ed,9273987473192961.0
267960,-534852264626.0,1733607001,262403,0xcbcdf9626bc03e24f779434178a73a0b4bad62ed,9273452620928335.0
268020,0.0,1733607001,262403,0xcbcdf9626bc03e24f779434178a73a0b4bad62ed,9273452620928335.0
268080,0.0,1733607001,262403,0xcbcdf9626bc03e24f779434178a73a0b4bad62ed,9273452620928335.0
268140,-20448157369812.0,1733607001,262403,0xcbcdf9626bc03e24f779434178a73a0b4bad62ed,9253004463558523.0
268200,-5180800153281.0,1733607001,262403,0xcbcdf9626bc03e24f779434178a73a0b4bad62ed,9247823663405242.0
268260,-44676789332769.0,1733607001,262403,0xcbcdf9626bc03e24f779434178a73a0b4bad62ed,9203146874072473.0
268320,-18510069971033.0,1733607001,262403,0xcbcdf9626bc03e24f779434178a73a0b4bad62ed,9184636804101440.0
268380,0.0,1733607001,262403,0xcbcdf9626bc03e24f779434178a73a0b4bad62ed,9184636804101440.0
268440,-394823862729.0,1733607001,262403,0xcbcdf9626bc03e24f779434178a73a0b4bad62ed,9184241980238711.0
268500,0.0,1733607001,262403,0xcbcdf9626bc03e24f779434178a73a0b4bad62ed,9184241980238711.0
268560,-4009932523596.0,1733607001,262403,0xcbcdf9626bc03e24f779434178a73a0b4bad62ed,9180232047715115.0
268620,-59057144524343.0,1733607001,262403,0xcbcdf9626bc03e24f779434178a73a0b4bad62ed,9121174903190772.0
268680,-34655541716254.0,1733607001,262403,0xcbcdf9626bc03e24f779434178a73a0b4bad62ed,9086519361474518.0
268740,-79716063500144.0,1733607001,262403,0xcbcdf9626bc03e24f779434178a73a0b4bad62ed,9006803297974374.0
268800,-3227838820316.0,1733607001,262403,0xcbcdf9626bc03e24f779434178a73a0b4bad62ed,9003575459154058.0
268860,-77145206372.0,1733607001,262403,0xcbcdf9626bc03e24f779434178a73a0b4bad62ed,9003498313947686.0
268920,-315156002244.0,1733607001,262403,0xcbcdf9626bc03e24f779434178a73a0b4bad62ed,9003183157945442.0
268980,0.0,1733607001,262403,0xcbcdf9626bc03e24f779434178a73a0b4bad62ed,9003183157945442.0
269040,-63521396850944.0,1733607001,262403,0xcbcdf9626bc03e24f779434178a73a0b4bad62ed,8939661761094498.0
269100,-861696294888.0,1733607001,262403,0xcbcdf9626bc03e24f779434178a73a0b4bad62ed,8938800064799610.0
269160,-134304562696020.0,1733607001,262403,0xcbcdf9626bc03e24f779434178a73a0b4bad62ed,8804495502103590.0
269220,-116527715610.0,1733607001,262403,0xcbcdf9626bc03e24f779434178a73a0b4bad62ed,8804378974387980.0
269280,-4856577397476.0,1733607001,262403,0xcbcdf9626bc03e24f779434178a73a0b4bad62ed,8799522396990504.0
269340,-144207198050976.0,1733607001,262403,0xcbcdf9626bc03e24f779434178a73a0b4bad62ed,8655315198939528.0
269400,-255087591530195.0,1733607001,262403,0xcbcdf9626bc03e24f779434178a73a0b4bad62ed,8400227607409333.0
269460,-6778569722.0,1733607001,262403,0xcbcdf9626bc03e24f779434178a73a0b4bad62ed,8400220828839611.0
269520,-85986817909.0,1733607001,262403,0xcbcdf9626bc03e24f779434178a73a0b4bad62ed,8400134842021702.0
269580,-347279548682.0,1733607001,262403,0xcbcdf9626bc03e24f779434178a73a0b4bad62ed,8399787562473020.0
269640,-118771237449209.0,1733607001,262403,0xcbcdf9626bc03e24f779434178a73a0b4bad62ed,8281016325023811.0
269700,-1511344493877.0,1733607001,262403,0xcbcdf9626bc03e24f779434178a73a0b4bad62ed,8279504980529934.0
269760,0.0,1733607001,262403,0xcbcdf9626bc03e24f779434178a73a0b4bad62ed,8279504980529934.0
269820,-15193993316503.0,1733607001,262403,0xcbcdf9626bc03e24f779434178a73a0b4bad62ed,8264310987213431.0
269880,-407796311478534.0,1733607001,262403,0xcbcdf9626bc03e24f779434178a73a0b4bad62ed,7856514675734897.0
269940,-102569633441253.0,1733607001,262403,0xcbcdf9626bc03e24f779434178a73a0b4bad62ed,7753945042293644.0
270000,-871668033263.0,1733607001,262403,0xcbcdf9626bc03e24f779434178a73a0b4bad62ed,7753073374260381.0
270060,-55072131154296.0,1733607001,262403,0xcbcdf9626bc03e24f779434178a73a0b4bad62ed,7698001243106085.0
270120,-1116758953053.0,1733607001,262403,0xcbcdf9626bc03e24f779434178a73a0b4bad62ed,7696884484153032.0
270180,-977017524575929.0,1733607001,262403,0xcbcdf9626bc03e24f779434178a73a0b4bad62ed,6719866959577103.0
270240,-2126750536938.0,1733607001,262403,0xcbcdf9626bc03e24f779434178a73a0b4bad62ed,6717740209040165.0
270300,-8755234752040.0,1733607001,262403,0xcbcdf9626bc03e24f779434178a73a0b4bad62ed,6708984974288125.0
270360,0.0,1733607001,262403,0xcbcdf9626bc03e24f779434178a73a0b4bad62ed,6708984974288125.0
270420,-12200343810576.0,1733607001,262403,0xcbcdf9626bc03e24f779434178a73a0b4bad62ed,6696784630477549.0
270480,-96527190272424.0,1733607001,262403,0xcbcdf9626bc03e24f779434178a73a0b4bad62ed,6600257440205125.0
270540,-3452480860120.0,1733607001,262403,0xcbcdf9626bc03e24f779434178a73a0b4bad62ed,6596804959345005.0
270600,-1720821118978.0,1733607001,262403,0xcbcdf9626bc03e24f779434178a73a0b4bad62ed,6595084138226027.0
270660,-86560084159311.0,1733607001,262403,0xcbcdf9626bc03e24f779434178a73a0b4bad62ed,6508524054066716.0
270720,-127954017181.0,1733607001,262403,0xcbcdf9626bc03e24f779434178a73a0b4bad62ed,6508396100049535.0
270780,0.0,1733607001,262403,0xcbcdf9626bc03e24f779434178a73a0b4bad62ed,6508396100049535.0
270840,-2027255736251.0,1733607001,262403,0xcbcdf9626bc03e24f779434178a73a0b4bad62ed,6506368844313284.0
270900,-5631050005896749.0,1733607001,262403,0xcbcdf9626bc03e24f779434178a73a0b4bad62ed,875318838416535.0
270960,-3487973060834.0,1733607001,262403,0xcbcdf9626bc03e24f779434178a73a0b4bad62ed,871830865355701.0
271020,0.0,1733607001,262403,0xcbcdf9626bc03e24f779434178a73a0b4bad62ed,871830865355701.0
271080,-8905887859203.0,1733607001,262403,0xcbcdf9626bc03e24f779434178a73a0b4bad62ed,862924977496498.0
271140,-93645188457.0,1733607001,262403,0xcbcdf9626bc03e24f779434178a73a0b4bad62ed,862831332308041.0
271200,0.0,1733607001,262403,0xcbcdf9626bc03e24f779434178a73a0b4bad62ed,862831332308041.0
271260,0.0,1733607001,262403,0xcbcdf9626bc03e24f779434178a73a0b4bad62ed,862831332308041.0
271320,-21828351365.0,1733607001,262403,0xcbcdf9626bc03e24f779434178a73a0b4bad62ed,862809503956676.0
271380,0.0,1733607001,262403,0xcbcdf9626bc03e24f779434178a73a0b4bad62ed,862809503956676.0
271440,0.0,1733607001,262403,0xcbcdf9626bc03e24f779434178a73a0b4bad62ed,862809503956676.0
271500,-7387510370926.0,1733607001,262403,0xcbcdf9626bc03e24f779434178a73a0b4bad62ed,855421993585750.0
271560,-112108854815415.0,1733607001,262403,0xcbcdf9626bc03e24f779434178a73a0b4bad62ed,743313138770335.0
271620,-47236020276923.0,1733607001,262403,0xcbcdf9626bc03e24f779434178a73a0b4bad62ed,696077118493412.0
271680,-6060018180622.0,1733607001,262403,0xcbcdf9626bc03e24f779434178a73a0b4bad62ed,690017100312790.0
271800,0.0,1733607001,262403,0xcbcdf9626bc03e24f779434178a73a0b4bad62ed,690017100312790.0
271860,0.0,1733607001,262403,0xcbcdf9626bc03e24f779434178a73a0b4bad62ed,690017100312790.0
271920,0.0,1733607001,262403,0xcbcdf9626bc03e24f779434178a73a0b4bad62ed,690017100312790.0
272220,0.0,1733607001,262403,0xcbcdf9626bc03e24f779434178a73a0b4bad62ed,690017100312790.0
272280,-4538579708481.0,1733607001,262403,0xcbcdf9626bc03e24f779434178a73a0b4bad62ed,685478520604309.0
272340,0.0,1733607001,262403,0xcbcdf9626bc03e24f779434178a73a0b4bad62ed,685478520604309.0
272400,0.0,1733607001,262403,0xcbcdf9626bc03e24f779434178a73a0b4bad62ed,685478520604309.0
272460,0.0,1733607001,262403,0xcbcdf9626bc03e24f779434178a73a0b4bad62ed,685478520604309.0
272520,0.0,1733607001,262403,0xcbcdf9626bc03e24f779434178a73a0b4bad62ed,685478520604309.0
272580,-692928641170.0,1733607001,262403,0xcbcdf9626bc03e24f779434178a73a0b4bad62ed,684785591963139.0
272760,-15186459912781.0,1733607001,262403,0xcbcdf9626bc03e24f779434178a73a0b4bad62ed,669599132050358.0
272820,-128102359085.0,1733607001,262403,0xcbcdf9626bc03e24f779434178a73a0b4bad62ed,669471029691273.0
272940,0.0,1733607001,262403,0xcbcdf9626bc03e24f779434178a73a0b4bad62ed,669471029691273.0
273120,0.0,1733607001,262403,0xcbcdf9626bc03e24f779434178a73a0b4bad62ed,669471029691273.0
273180,-1566304068670.0,1733607001,262403,0xcbcdf9626bc03e24f779434178a73a0b4bad62ed,667904725622603.0
273240,0.0,1733607001,262403,0xcbcdf9626bc03e24f779434178a73a0b4bad62ed,667904725622603.0
273300,0.0,1733607001,262403,0xcbcdf9626bc03e24f779434178a73a0b4bad62ed,667904725622603.0
273600,0.0,1733607001,262403,0xcbcdf9626bc03e24f779434178a73a0b4bad62ed,667904725622603.0
273720,0.0,1733607001,262403,0xcbcdf9626bc03e24f779434178a73a0b4bad62ed,667904725622603.0
273840,0.0,1733607001,262403,0xcbcdf9626bc03e24f779434178a73a0b4bad62ed,667904725622603.0
274200,-931737671806.0,1733607001,262403,0xcbcdf9626bc03e24f779434178a73a0b4bad62ed,666972987950797.0
274500,0.0,1733607001,262403,0xcbcdf9626bc03e24f779434178a73a0b4bad62ed,666972987950797.0
274740,0.0,1733607001,262403,0xcbcdf9626bc03e24f779434178a73a0b4bad62ed,666972987950797.0
275220,0.0,1733607001,262403,0xcbcdf9626bc03e24f779434178a73a0b4bad62ed,666972987950797.0
275640,0.0,1733607001,262403,0xcbcdf9626bc03e24f779434178a73a0b4bad62ed,666972987950797.0
275760,0.0,1733607001,262403,0xcbcdf9626bc03e24f779434178a73a0b4bad62ed,666972987950797.0
275820,0.0,1733607001,262403,0xcbcdf9626bc03e24f779434178a73a0b4bad62ed,666972987950797.0
276000,0.0,1733607001,262403,0xcbcdf9626bc03e24f779434178a73a0b4bad62ed,666972987950797.0
276180,0.0,1733607001,262403,0xcbcdf9626bc03e24f779434178a73a0b4bad62ed,666972987950797.0
276300,-28452297036684.0,1733607001,262403,0xcbcdf9626bc03e24f779434178a73a0b4bad62ed,638520690914113.0
276360,0.0,1733607001,262403,0xcbcdf9626bc03e24f779434178a73a0b4bad62ed,638520690914113.0
276420,-19063099765268.0,1733607001,262403,0xcbcdf9626bc03e24f779434178a73a0b4bad62ed,619457591148845.0
276720,0.0,1733607001,262403,0xcbcdf9626bc03e24f779434178a73a0b4bad62ed,619457591148845.0
277020,0.0,1733607001,262403,0xcbcdf9626bc03e24f779434178a73a0b4bad62ed,619457591148845.0
277500,0.0,1733607001,262403,0xcbcdf9626bc03e24f779434178a73a0b4bad62ed,619457591148845.0
277800,0.0,1733607001,262403,0xcbcdf9626bc03e24f779434178a73a0b4bad62ed,619457591148845.0
277980,0.0,1733607001,262403,0xcbcdf9626bc03e24f779434178a73a0b4bad62ed,619457591148845.0
278160,0.0,1733607001,262403,0xcbcdf9626bc03e24f779434178a73a0b4bad62ed,619457591148845.0
278880,0.0,1733607001,262403,0xcbcdf9626bc03e24f779434178a73a0b4bad62ed,619457591148845.0
278940,-5164088638751.0,1733607001,262403,0xcbcdf9626bc03e24f779434178a73a0b4bad62ed,614293502510094.0
279180,0.0,1733607001,262403,0xcbcdf9626bc03e24f779434178a73a0b4bad62ed,614293502510094.0
279420,0.0,1733607001,262403,0xcbcdf9626bc03e24f779434178a73a0b4bad62ed,614293502510094.0
279900,0.0,1733607001,262403,0xcbcdf9626bc03e24f779434178a73a0b4bad62ed,614293502510094.0
280080,0.0,1733607001,262403,0xcbcdf9626bc03e24f779434178a73a0b4bad62ed,614293502510094.0
280320,0.0,1733607001,262403,0xcbcdf9626bc03e24f779434178a73a0b4bad62ed,614293502510094.0
280380,0.0,1733607001,262403,0xcbcdf9626bc03e24f779434178a73a0b4bad62ed,614293502510094.0
280500,0.0,1733607001,262403,0xcbcdf9626bc03e24f779434178a73a0b4bad62ed,614293502510094.0
281040,0.0,1733607001,262403,0xcbcdf9626bc03e24f779434178a73a0b4bad62ed,614293502510094.0
281220,-30685899577909.0,1733607001,262403,0xcbcdf9626bc03e24f779434178a73a0b4bad62ed,583607602932185.0
281760,0.0,1733607001,262403,0xcbcdf9626bc03e24f779434178a73a0b4bad62ed,583607602932185.0
282180,-2366835767353.0,1733607001,262403,0xcbcdf9626bc03e24f779434178a73a0b4bad62ed,581240767164832.0
282960,0.0,1733607001,262403,0xcbcdf9626bc03e24f779434178a73a0b4bad62ed,581240767164832.0
283080,0.0,1733607001,262403,0xcbcdf9626bc03e24f779434178a73a0b4bad62ed,581240767164832.0
283260,-3997348944906.0,1733607001,262403,0xcbcdf9626bc03e24f779434178a73a0b4bad62ed,577243418219926.0
283800,-1410203189999.0,1733607001,262403,0xcbcdf9626bc03e24f779434178a73a0b4bad62ed,575833215029927.0
284100,0.0,1733607001,262403,0xcbcdf9626bc03e24f779434178a73a0b4bad62ed,575833215029927.0
285060,0.0,1733607001,262403,0xcbcdf9626bc03e24f779434178a73a0b4bad62ed,575833215029927.0
285480,0.0,1733607001,262403,0xcbcdf9626bc03e24f779434178a73a0b4bad62ed,575833215029927.0
286200,0.0,1733607001,262403,0xcbcdf9626bc03e24f779434178a73a0b4bad62ed,575833215029927.0
289920,0.0,1733607001,262403,0xcbcdf9626bc03e24f779434178a73a0b4bad62ed,575833215029927.0
292380,0.0,1733607001,262403,0xcbcdf9626bc03e24f779434178a73a0b4bad62ed,575833215029927.0
292440,0.0,1733607001,262403,0xcbcdf9626bc03e24f779434178a73a0b4bad62ed,575833215029927.0
292740,0.0,1733607001,262403,0xcbcdf9626bc03e24f779434178a73a0b4bad62ed,575833215029927.0
292800,0.0,1733607001,262403,0xcbcdf9626bc03e24f779434178a73a0b4bad62ed,575833215029927.0
294600,-6766124667.0,1733607001,262403,0xcbcdf9626bc03e24f779434178a73a0b4bad62ed,575826448905260.0
295620,0.0,1733607001,262403,0xcbcdf9626bc03e24f779434178a73a0b4bad62ed,575826448905260.0
296460,0.0,1733607001,262403,0xcbcdf9626bc03e24f779434178a73a0b4bad62ed,575826448905260.0
299340,0.0,1733607001,262403,0xcbcdf9626bc03e24f779434178a73a0b4bad62ed,575826448905260.0
299400,0.0,1733607001,262403,0xcbcdf9626bc03e24f779434178a73a0b4bad62ed,575826448905260.0
301200,0.0,1733607001,262403,0xcbcdf9626bc03e24f779434178a73a0b4bad62ed,575826448905260.0
302880,0.0,1733607001,262403,0xcbcdf9626bc03e24f779434178a73a0b4bad62ed,575826448905260.0
304440,0.0,1733607001,262403,0xcbcdf9626bc03e24f779434178a73a0b4bad62ed,575826448905260.0
309660,0.0,1733607001,262403,0xcbcdf9626bc03e24f779434178a73a0b4bad62ed,575826448905260.0
311580,0.0,1733607001,262403,0xcbcdf9626bc03e24f779434178a73a0b4bad62ed,575826448905260.0
319140,0.0,1733607001,262403,0xcbcdf9626bc03e24f779434178a73a0b4bad62ed,575826448905260.0
322380,0.0,1733607001,262403,0xcbcdf9626bc03e24f779434178a73a0b4bad62ed,575826448905260.0
326460,0.0,1733607001,262403,0xcbcdf9626bc03e24f779434178a73a0b4bad62ed,575826448905260.0
327660,0.0,1733607001,262403,0xcbcdf9626bc03e24f779434178a73a0b4bad62ed,575826448905260.0
329340,0.0,1733607001,262403,0xcbcdf9626bc03e24f779434178a73a0b4bad62ed,575826448905260.0
329460,0.0,1733607001,262403,0xcbcdf9626bc03e24f779434178a73a0b4bad62ed,575826448905260.0
336240,0.0,1733607001,262403,0xcbcdf9626bc03e24f779434178a73a0b4bad62ed,575826448905260.0
340320,0.0,1733607001,262403,0xcbcdf9626bc03e24f779434178a73a0b4bad62ed,575826448905260.0
368220,0.0,1733607001,262403,0xcbcdf9626bc03e24f779434178a73a0b4bad62ed,575826448905260.0
368460,-1068193846995.0,1733607001,262403,0xcbcdf9626bc03e24f779434178a73a0b4bad62ed,574758255058265.0
368700,0.0,1733607001,262403,0xcbcdf9626bc03e24f779434178a73a0b4bad62ed,574758255058265.0
368880,0.0,1733607001,262403,0xcbcdf9626bc03e24f779434178a73a0b4bad62ed,574758255058265.0
390720,-17251205334.0,1733607001,262403,0xcbcdf9626bc03e24f779434178a73a0b4bad62ed,574741003852931.0
391440,-456406095307.0,1733607001,262403,0xcbcdf9626bc03e24f779434178a73a0b4bad62ed,574284597757624.0
398160,0.0,1733607001,262403,0xcbcdf9626bc03e24f779434178a73a0b4bad62ed,574284597757624.0
437520,-10943161472679.0,1733607001,262403,0xcbcdf9626bc03e24f779434178a73a0b4bad62ed,563341436284945.0
510060,0.0,1733607001,262403,0xcbcdf9626bc03e24f779434178a73a0b4bad62ed,563341436284945.0
591360,0.0,1733607001,262403,0xcbcdf9626bc03e24f779434178a73a0b4bad62ed,563341436284945.0
887220,-563341436284945.0,1733607001,262403,0xcbcdf9626bc03e24f779434178a73a0b4bad62ed,0.0
